"fecha";"asiento";"cuenta";"titulo";"concepto";"debe";"haber"
"28/02/2015";"1";"100";"CAPITAL SOCIAL";"DEBE";"23138,5";"0"
"28/02/2015";"1";"100";"CAPITAL SOCIAL";"HABER";"0";"26444"
"28/02/2015";"1";"108";"ACCIONES O PARTICIPACIONES PRO";"DEBE";"33600";"0"
"28/02/2015";"1";"108";"ACCIONES O PARTICIPACIONES PRO";"HABER";"0";"33600"
"28/02/2015";"1";"112";"RESERVA LEGAL";"DEBE";"14531,23";"0"
"28/02/2015";"1";"112";"RESERVA LEGAL";"HABER";"0";"16607,12"
"28/02/2015";"1";"113";"RESERVAS VOLUNTARIAS";"DEBE";"12301,76";"0"
"28/02/2015";"1";"113";"RESERVAS VOLUNTARIAS";"HABER";"0";"12301,76"
"28/02/2015";"1";"113";"RESERVAS VOLUNTARIAS";"DEBE";"302387,32";"0"
"28/02/2015";"1";"113";"RESERVAS VOLUNTARIAS";"HABER";"0";"359153,91"
"28/02/2015";"1";"114";"RESERVAS ESPECIALES";"DEBE";"39600";"0"
"28/02/2015";"1";"114";"RESERVAS ESPECIALES";"HABER";"0";"39600"
"28/02/2015";"1";"119";"DIFERENCIAS POR AJUSTE DEL CAP";"DEBE";"0,49";"0"
"28/02/2015";"1";"119";"DIFERENCIAS POR AJUSTE DEL CAP";"HABER";"0";"0,56"
"28/02/2015";"1";"121";"RESULTADOS NEGATIVOS DE EJERCI";"DEBE";"3697,6";"0"
"28/02/2015";"1";"121";"RESULTADOS NEGATIVOS DE EJERCI";"HABER";"0";"2773,2"
"28/02/2015";"1";"121";"RESULTADOS NEGATIVOS DE EJERCI";"DEBE";"89142,72";"0"
"28/02/2015";"1";"121";"RESULTADOS NEGATIVOS DE EJERCI";"HABER";"0";"59428,48"
"28/02/2015";"1";"121";"RESULTADOS NEGATIVOS DE EJERCI";"DEBE";"5075,72";"0"
"28/02/2015";"1";"121";"RESULTADOS NEGATIVOS DE EJERCI";"HABER";"0";"2537,86"
"28/02/2015";"1";"129";"RESULTADOS DEL EJERCICIO";"DEBE";"169586,25";"0"
"28/02/2015";"1";"129";"RESULTADOS DEL EJERCICIO";"HABER";"0";"166217,49"
"28/02/2015";"1";"206";"APLICACIONES INFORMATICAS";"DEBE";"5090,16";"0"
"28/02/2015";"1";"206";"APLICACIONES INFORMATICAS";"HABER";"0";"4453,89"
"28/02/2015";"1";"206";"APLICACIONES INFORMATICAS";"DEBE";"3930,6";"0"
"28/02/2015";"1";"206";"APLICACIONES INFORMATICAS";"HABER";"0";"3930,6"
"28/02/2015";"1";"206";"APLICACIONES INFORMATICAS";"DEBE";"5117,12";"0"
"28/02/2015";"1";"206";"APLICACIONES INFORMATICAS";"HABER";"0";"4477,48"
"28/02/2015";"1";"206";"APLICACIONES INFORMATICAS";"DEBE";"7832";"0"
"28/02/2015";"1";"206";"APLICACIONES INFORMATICAS";"HABER";"0";"6853"
"28/02/2015";"1";"206";"APLICACIONES INFORMATICAS";"DEBE";"623,42";"0"
"28/02/2015";"1";"206";"APLICACIONES INFORMATICAS";"HABER";"0";"623,42"
"28/02/2015";"1";"206";"APLICACIONES INFORMATICAS";"DEBE";"3281,25";"0"
"28/02/2015";"1";"206";"APLICACIONES INFORMATICAS";"HABER";"0";"3281,25"
"28/02/2015";"1";"215";"OTRAS INSTALACIONES";"DEBE";"26495,68";"0"
"28/02/2015";"1";"215";"OTRAS INSTALACIONES";"HABER";"0";"23183,72"
"28/02/2015";"1";"216";"MOBILIARIO";"DEBE";"1844,4";"0"
"28/02/2015";"1";"216";"MOBILIARIO";"HABER";"0";"1613,85"
"28/02/2015";"1";"216";"MOBILIARIO";"DEBE";"4538,72";"0"
"28/02/2015";"1";"216";"MOBILIARIO";"HABER";"0";"3971,38"
"28/02/2015";"1";"216";"MOBILIARIO";"DEBE";"2963,6";"0"
"28/02/2015";"1";"216";"MOBILIARIO";"HABER";"0";"2593,15"
"28/02/2015";"1";"216";"MOBILIARIO";"DEBE";"424,96";"0"
"28/02/2015";"1";"216";"MOBILIARIO";"HABER";"0";"371,84"
"28/02/2015";"1";"216";"MOBILIARIO";"DEBE";"10204,08";"0"
"28/02/2015";"1";"216";"MOBILIARIO";"HABER";"0";"8928,57"
"28/02/2015";"1";"216";"MOBILIARIO";"DEBE";"7816,16";"0"
"28/02/2015";"1";"216";"MOBILIARIO";"HABER";"0";"6839,14"
"28/02/2015";"1";"216";"MOBILIARIO";"DEBE";"1087,12";"0"
"28/02/2015";"1";"216";"MOBILIARIO";"HABER";"0";"951,23"
"28/02/2015";"1";"216";"MOBILIARIO";"DEBE";"874,56";"0"
"28/02/2015";"1";"216";"MOBILIARIO";"HABER";"0";"765,24"
"28/02/2015";"1";"216";"MOBILIARIO";"DEBE";"854,64";"0"
"28/02/2015";"1";"216";"MOBILIARIO";"HABER";"0";"747,81"
"28/02/2015";"1";"216";"MOBILIARIO";"DEBE";"661,92";"0"
"28/02/2015";"1";"216";"MOBILIARIO";"HABER";"0";"579,18"
"28/02/2015";"1";"216";"MOBILIARIO";"DEBE";"414,48";"0"
"28/02/2015";"1";"216";"MOBILIARIO";"HABER";"0";"362,67"
"28/02/2015";"1";"216";"MOBILIARIO";"DEBE";"1061,72";"0"
"28/02/2015";"1";"216";"MOBILIARIO";"HABER";"0";"1061,72"
"28/02/2015";"1";"216";"MOBILIARIO";"DEBE";"2874,24";"0"
"28/02/2015";"1";"216";"MOBILIARIO";"HABER";"0";"2514,96"
"28/02/2015";"1";"216";"MOBILIARIO";"DEBE";"1168,96";"0"
"28/02/2015";"1";"216";"MOBILIARIO";"HABER";"0";"1168,96"
"28/02/2015";"1";"216";"MOBILIARIO";"DEBE";"2290,05";"0"
"28/02/2015";"1";"216";"MOBILIARIO";"HABER";"0";"1832,04"
"28/02/2015";"1";"216";"MOBILIARIO";"DEBE";"2167,5";"0"
"28/02/2015";"1";"216";"MOBILIARIO";"HABER";"0";"1734"
"28/02/2015";"1";"216";"MOBILIARIO";"DEBE";"1145";"0"
"28/02/2015";"1";"216";"MOBILIARIO";"HABER";"0";"916"
"28/02/2015";"1";"217";"EQUIPOS PARA PROCESOS DE INFOR";"DEBE";"1343,84";"0"
"28/02/2015";"1";"217";"EQUIPOS PARA PROCESOS DE INFOR";"HABER";"0";"1175,86"
"28/02/2015";"1";"217";"EQUIPOS PARA PROCESOS DE INFOR";"DEBE";"360,6";"0"
"28/02/2015";"1";"217";"EQUIPOS PARA PROCESOS DE INFOR";"HABER";"0";"360,6"
"28/02/2015";"1";"217";"EQUIPOS PARA PROCESOS DE INFOR";"DEBE";"114,23";"0"
"28/02/2015";"1";"217";"EQUIPOS PARA PROCESOS DE INFOR";"HABER";"0";"114,23"
"28/02/2015";"1";"217";"EQUIPOS PARA PROCESOS DE INFOR";"DEBE";"841,42";"0"
"28/02/2015";"1";"217";"EQUIPOS PARA PROCESOS DE INFOR";"HABER";"0";"841,42"
"28/02/2015";"1";"217";"EQUIPOS PARA PROCESOS DE INFOR";"DEBE";"608,31";"0"
"28/02/2015";"1";"217";"EQUIPOS PARA PROCESOS DE INFOR";"HABER";"0";"608,31"
"28/02/2015";"1";"217";"EQUIPOS PARA PROCESOS DE INFOR";"DEBE";"5245,6";"0"
"28/02/2015";"1";"217";"EQUIPOS PARA PROCESOS DE INFOR";"HABER";"0";"4589,9"
"28/02/2015";"1";"217";"EQUIPOS PARA PROCESOS DE INFOR";"DEBE";"4150,56";"0"
"28/02/2015";"1";"217";"EQUIPOS PARA PROCESOS DE INFOR";"HABER";"0";"3631,74"
"28/02/2015";"1";"217";"EQUIPOS PARA PROCESOS DE INFOR";"DEBE";"4495,84";"0"
"28/02/2015";"1";"217";"EQUIPOS PARA PROCESOS DE INFOR";"HABER";"0";"3933,86"
"28/02/2015";"1";"217";"EQUIPOS PARA PROCESOS DE INFOR";"DEBE";"10698,48";"0"
"28/02/2015";"1";"217";"EQUIPOS PARA PROCESOS DE INFOR";"HABER";"0";"10698,48"
"28/02/2015";"1";"217";"EQUIPOS PARA PROCESOS DE INFOR";"DEBE";"12409,44";"0"
"28/02/2015";"1";"217";"EQUIPOS PARA PROCESOS DE INFOR";"HABER";"0";"10858,26"
"28/02/2015";"1";"217";"EQUIPOS PARA PROCESOS DE INFOR";"DEBE";"1051,97";"0"
"28/02/2015";"1";"217";"EQUIPOS PARA PROCESOS DE INFOR";"HABER";"0";"1051,97"
"28/02/2015";"1";"217";"EQUIPOS PARA PROCESOS DE INFOR";"DEBE";"669,83";"0"
"28/02/2015";"1";"217";"EQUIPOS PARA PROCESOS DE INFOR";"HABER";"0";"669,83"
"28/02/2015";"1";"217";"EQUIPOS PARA PROCESOS DE INFOR";"DEBE";"2300";"0"
"28/02/2015";"1";"217";"EQUIPOS PARA PROCESOS DE INFOR";"HABER";"0";"2300"
"28/02/2015";"1";"217";"EQUIPOS PARA PROCESOS DE INFOR";"DEBE";"607,8";"0"
"28/02/2015";"1";"217";"EQUIPOS PARA PROCESOS DE INFOR";"HABER";"0";"607,8"
"28/02/2015";"1";"217";"EQUIPOS PARA PROCESOS DE INFOR";"DEBE";"6934,4";"0"
"28/02/2015";"1";"217";"EQUIPOS PARA PROCESOS DE INFOR";"HABER";"0";"6067,6"
"28/02/2015";"1";"217";"EQUIPOS PARA PROCESOS DE INFOR";"DEBE";"3467";"0"
"28/02/2015";"1";"217";"EQUIPOS PARA PROCESOS DE INFOR";"HABER";"0";"3467"
"28/02/2015";"1";"217";"EQUIPOS PARA PROCESOS DE INFOR";"DEBE";"1238,4";"0"
"28/02/2015";"1";"217";"EQUIPOS PARA PROCESOS DE INFOR";"HABER";"0";"1238,4"
"28/02/2015";"1";"217";"EQUIPOS PARA PROCESOS DE INFOR";"DEBE";"718,86";"0"
"28/02/2015";"1";"217";"EQUIPOS PARA PROCESOS DE INFOR";"HABER";"0";"718,86"
"28/02/2015";"1";"217";"EQUIPOS PARA PROCESOS DE INFOR";"DEBE";"1280";"0"
"28/02/2015";"1";"217";"EQUIPOS PARA PROCESOS DE INFOR";"HABER";"0";"1120"
"28/02/2015";"1";"217";"EQUIPOS PARA PROCESOS DE INFOR";"DEBE";"1238,08";"0"
"28/02/2015";"1";"217";"EQUIPOS PARA PROCESOS DE INFOR";"HABER";"0";"1083,32"
"28/02/2015";"1";"217";"EQUIPOS PARA PROCESOS DE INFOR";"DEBE";"1874,75";"0"
"28/02/2015";"1";"217";"EQUIPOS PARA PROCESOS DE INFOR";"HABER";"0";"1499,8"
"28/02/2015";"1";"217";"EQUIPOS PARA PROCESOS DE INFOR";"DEBE";"1801,9";"0"
"28/02/2015";"1";"217";"EQUIPOS PARA PROCESOS DE INFOR";"HABER";"0";"1441,52"
"28/02/2015";"1";"217";"EQUIPOS PARA PROCESOS DE INFOR";"DEBE";"173,54";"0"
"28/02/2015";"1";"217";"EQUIPOS PARA PROCESOS DE INFOR";"HABER";"0";"173,54"
"28/02/2015";"1";"217";"EQUIPOS PARA PROCESOS DE INFOR";"DEBE";"150";"0"
"28/02/2015";"1";"217";"EQUIPOS PARA PROCESOS DE INFOR";"HABER";"0";"150"
"28/02/2015";"1";"217";"EQUIPOS PARA PROCESOS DE INFOR";"DEBE";"1285,16";"0"
"28/02/2015";"1";"217";"EQUIPOS PARA PROCESOS DE INFOR";"HABER";"0";"1021,07"
"28/02/2015";"1";"217";"EQUIPOS PARA PROCESOS DE INFOR";"DEBE";"1660,68";"0"
"28/02/2015";"1";"217";"EQUIPOS PARA PROCESOS DE INFOR";"HABER";"0";"1245,51"
"28/02/2015";"1";"217";"EQUIPOS PARA PROCESOS DE INFOR";"DEBE";"1293,87";"0"
"28/02/2015";"1";"217";"EQUIPOS PARA PROCESOS DE INFOR";"HABER";"0";"862,58"
"28/02/2015";"1";"250";"INVERSIONES FINANCIERAS A LARG";"DEBE";"120202,4";"0"
"28/02/2015";"1";"250";"INVERSIONES FINANCIERAS A LARG";"HABER";"0";"120202,4"
"28/02/2015";"1";"250";"INVERSIONES FINANCIERAS A LARG";"DEBE";"992";"0"
"28/02/2015";"1";"250";"INVERSIONES FINANCIERAS A LARG";"HABER";"0";"868"
"28/02/2015";"1";"260";"FIANZAS CONSTITUIDAS A LARGO P";"DEBE";"21000";"0"
"28/02/2015";"1";"260";"FIANZAS CONSTITUIDAS A LARGO P";"HABER";"0";"21000"
"28/02/2015";"1";"260";"FIANZAS CONSTITUIDAS A LARGO P";"DEBE";"1400";"0"
"28/02/2015";"1";"280";"AMORTIZACION ACUMULADA DEL INM";"DEBE";"4453,89";"0"
"28/02/2015";"1";"280";"AMORTIZACION ACUMULADA DEL INM";"HABER";"0";"5090,16"
"28/02/2015";"1";"280";"AMORTIZACION ACUMULADA DEL INM";"DEBE";"3930,6";"0"
"28/02/2015";"1";"280";"AMORTIZACION ACUMULADA DEL INM";"HABER";"0";"3930,6"
"28/02/2015";"1";"280";"AMORTIZACION ACUMULADA DEL INM";"DEBE";"4477,48";"0"
"28/02/2015";"1";"280";"AMORTIZACION ACUMULADA DEL INM";"HABER";"0";"5117,12"
"28/02/2015";"1";"280";"AMORTIZACION ACUMULADA DEL INM";"DEBE";"6853";"0"
"28/02/2015";"1";"280";"AMORTIZACION ACUMULADA DEL INM";"HABER";"0";"7832"
"28/02/2015";"1";"280";"AMORTIZACION ACUMULADA DEL INM";"DEBE";"623,42";"0"
"28/02/2015";"1";"280";"AMORTIZACION ACUMULADA DEL INM";"HABER";"0";"623,42"
"28/02/2015";"1";"280";"AMORTIZACION ACUMULADA DEL INM";"DEBE";"3281,25";"0"
"28/02/2015";"1";"280";"AMORTIZACION ACUMULADA DEL INM";"HABER";"0";"3281,25"
"28/02/2015";"1";"281";"AMORTIZACION ACUMULADA DEL INM";"DEBE";"20327,76";"0"
"28/02/2015";"1";"281";"AMORTIZACION ACUMULADA DEL INM";"HABER";"0";"24535,24"
"28/02/2015";"1";"281";"AMORTIZACION ACUMULADA DEL INM";"DEBE";"1613,85";"0"
"28/02/2015";"1";"281";"AMORTIZACION ACUMULADA DEL INM";"HABER";"0";"1844,4"
"28/02/2015";"1";"281";"AMORTIZACION ACUMULADA DEL INM";"DEBE";"3971,31";"0"
"28/02/2015";"1";"281";"AMORTIZACION ACUMULADA DEL INM";"HABER";"0";"4538,64"
"28/02/2015";"1";"281";"AMORTIZACION ACUMULADA DEL INM";"DEBE";"2593,15";"0"
"28/02/2015";"1";"281";"AMORTIZACION ACUMULADA DEL INM";"HABER";"0";"2963,6"
"28/02/2015";"1";"281";"AMORTIZACION ACUMULADA DEL INM";"DEBE";"371,91";"0"
"28/02/2015";"1";"281";"AMORTIZACION ACUMULADA DEL INM";"HABER";"0";"425,04"
"28/02/2015";"1";"281";"AMORTIZACION ACUMULADA DEL INM";"DEBE";"8928,64";"0"
"28/02/2015";"1";"281";"AMORTIZACION ACUMULADA DEL INM";"HABER";"0";"10204,16"
"28/02/2015";"1";"281";"AMORTIZACION ACUMULADA DEL INM";"DEBE";"6839,14";"0"
"28/02/2015";"1";"281";"AMORTIZACION ACUMULADA DEL INM";"HABER";"0";"7816,16"
"28/02/2015";"1";"281";"AMORTIZACION ACUMULADA DEL INM";"DEBE";"951,3";"0"
"28/02/2015";"1";"281";"AMORTIZACION ACUMULADA DEL INM";"HABER";"0";"1087,2"
"28/02/2015";"1";"281";"AMORTIZACION ACUMULADA DEL INM";"DEBE";"765,24";"0"
"28/02/2015";"1";"281";"AMORTIZACION ACUMULADA DEL INM";"HABER";"0";"874,56"
"28/02/2015";"1";"281";"AMORTIZACION ACUMULADA DEL INM";"DEBE";"747,74";"0"
"28/02/2015";"1";"281";"AMORTIZACION ACUMULADA DEL INM";"HABER";"0";"854,56"
"28/02/2015";"1";"281";"AMORTIZACION ACUMULADA DEL INM";"DEBE";"579,6";"0"
"28/02/2015";"1";"281";"AMORTIZACION ACUMULADA DEL INM";"HABER";"0";"662,4"
"28/02/2015";"1";"281";"AMORTIZACION ACUMULADA DEL INM";"DEBE";"362,67";"0"
"28/02/2015";"1";"281";"AMORTIZACION ACUMULADA DEL INM";"HABER";"0";"414,48"
"28/02/2015";"1";"281";"AMORTIZACION ACUMULADA DEL INM";"DEBE";"1061,72";"0"
"28/02/2015";"1";"281";"AMORTIZACION ACUMULADA DEL INM";"HABER";"0";"1061,72"
"28/02/2015";"1";"281";"AMORTIZACION ACUMULADA DEL INM";"DEBE";"2514,96";"0"
"28/02/2015";"1";"281";"AMORTIZACION ACUMULADA DEL INM";"HABER";"0";"2874,24"
"28/02/2015";"1";"281";"AMORTIZACION ACUMULADA DEL INM";"DEBE";"553,44";"0"
"28/02/2015";"1";"281";"AMORTIZACION ACUMULADA DEL INM";"HABER";"0";"553,44"
"28/02/2015";"1";"281";"AMORTIZACION ACUMULADA DEL INM";"DEBE";"368,76";"0"
"28/02/2015";"1";"281";"AMORTIZACION ACUMULADA DEL INM";"HABER";"0";"537,35"
"28/02/2015";"1";"281";"AMORTIZACION ACUMULADA DEL INM";"DEBE";"332,12";"0"
"28/02/2015";"1";"281";"AMORTIZACION ACUMULADA DEL INM";"HABER";"0";"487,35"
"28/02/2015";"1";"281";"AMORTIZACION ACUMULADA DEL INM";"DEBE";"164,52";"0"
"28/02/2015";"1";"281";"AMORTIZACION ACUMULADA DEL INM";"HABER";"0";"243,85"
"28/02/2015";"1";"281";"AMORTIZACION ACUMULADA DEL INM";"DEBE";"1175,86";"0"
"28/02/2015";"1";"281";"AMORTIZACION ACUMULADA DEL INM";"HABER";"0";"1343,84"
"28/02/2015";"1";"281";"AMORTIZACION ACUMULADA DEL INM";"DEBE";"360,67";"0"
"28/02/2015";"1";"281";"AMORTIZACION ACUMULADA DEL INM";"HABER";"0";"360,67"
"28/02/2015";"1";"281";"AMORTIZACION ACUMULADA DEL INM";"DEBE";"114,23";"0"
"28/02/2015";"1";"281";"AMORTIZACION ACUMULADA DEL INM";"HABER";"0";"114,23"
"28/02/2015";"1";"281";"AMORTIZACION ACUMULADA DEL INM";"DEBE";"841,42";"0"
"28/02/2015";"1";"281";"AMORTIZACION ACUMULADA DEL INM";"HABER";"0";"841,42"
"28/02/2015";"1";"281";"AMORTIZACION ACUMULADA DEL INM";"DEBE";"608,31";"0"
"28/02/2015";"1";"281";"AMORTIZACION ACUMULADA DEL INM";"HABER";"0";"608,31"
"28/02/2015";"1";"281";"AMORTIZACION ACUMULADA DEL INM";"DEBE";"4589,9";"0"
"28/02/2015";"1";"281";"AMORTIZACION ACUMULADA DEL INM";"HABER";"0";"5245,6"
"28/02/2015";"1";"281";"AMORTIZACION ACUMULADA DEL INM";"DEBE";"3631,74";"0"
"28/02/2015";"1";"281";"AMORTIZACION ACUMULADA DEL INM";"HABER";"0";"4150,56"
"28/02/2015";"1";"281";"AMORTIZACION ACUMULADA DEL INM";"DEBE";"3910,41";"0"
"28/02/2015";"1";"281";"AMORTIZACION ACUMULADA DEL INM";"HABER";"0";"4469,04"
"28/02/2015";"1";"281";"AMORTIZACION ACUMULADA DEL INM";"DEBE";"10698,48";"0"
"28/02/2015";"1";"281";"AMORTIZACION ACUMULADA DEL INM";"HABER";"0";"10698,48"
"28/02/2015";"1";"281";"AMORTIZACION ACUMULADA DEL INM";"DEBE";"10886,26";"0"
"28/02/2015";"1";"281";"AMORTIZACION ACUMULADA DEL INM";"HABER";"0";"12441,44"
"28/02/2015";"1";"281";"AMORTIZACION ACUMULADA DEL INM";"DEBE";"1051,97";"0"
"28/02/2015";"1";"281";"AMORTIZACION ACUMULADA DEL INM";"HABER";"0";"1051,97"
"28/02/2015";"1";"281";"AMORTIZACION ACUMULADA DEL INM";"DEBE";"669,83";"0"
"28/02/2015";"1";"281";"AMORTIZACION ACUMULADA DEL INM";"HABER";"0";"669,83"
"28/02/2015";"1";"281";"AMORTIZACION ACUMULADA DEL INM";"DEBE";"2300";"0"
"28/02/2015";"1";"281";"AMORTIZACION ACUMULADA DEL INM";"HABER";"0";"2300"
"28/02/2015";"1";"281";"AMORTIZACION ACUMULADA DEL INM";"DEBE";"607,8";"0"
"28/02/2015";"1";"281";"AMORTIZACION ACUMULADA DEL INM";"HABER";"0";"607,8"
"28/02/2015";"1";"281";"AMORTIZACION ACUMULADA DEL INM";"DEBE";"5771,76";"0"
"28/02/2015";"1";"281";"AMORTIZACION ACUMULADA DEL INM";"HABER";"0";"6638,56"
"28/02/2015";"1";"281";"AMORTIZACION ACUMULADA DEL INM";"DEBE";"3173,64";"0"
"28/02/2015";"1";"281";"AMORTIZACION ACUMULADA DEL INM";"HABER";"0";"3173,64"
"28/02/2015";"1";"281";"AMORTIZACION ACUMULADA DEL INM";"DEBE";"1129,37";"0"
"28/02/2015";"1";"281";"AMORTIZACION ACUMULADA DEL INM";"HABER";"0";"1129,37"
"28/02/2015";"1";"281";"AMORTIZACION ACUMULADA DEL INM";"DEBE";"655,72";"0"
"28/02/2015";"1";"281";"AMORTIZACION ACUMULADA DEL INM";"HABER";"0";"655,72"
"28/02/2015";"1";"281";"AMORTIZACION ACUMULADA DEL INM";"DEBE";"1043,29";"0"
"28/02/2015";"1";"281";"AMORTIZACION ACUMULADA DEL INM";"HABER";"0";"1203,29"
"28/02/2015";"1";"281";"AMORTIZACION ACUMULADA DEL INM";"DEBE";"997,38";"0"
"28/02/2015";"1";"281";"AMORTIZACION ACUMULADA DEL INM";"HABER";"0";"1152,14"
"28/02/2015";"1";"281";"AMORTIZACION ACUMULADA DEL INM";"DEBE";"785,04";"0"
"28/02/2015";"1";"281";"AMORTIZACION ACUMULADA DEL INM";"HABER";"0";"1131,5"
"28/02/2015";"1";"281";"AMORTIZACION ACUMULADA DEL INM";"DEBE";"173,54";"0"
"28/02/2015";"1";"281";"AMORTIZACION ACUMULADA DEL INM";"HABER";"0";"173,54"
"28/02/2015";"1";"281";"AMORTIZACION ACUMULADA DEL INM";"DEBE";"40,86";"0"
"28/02/2015";"1";"281";"AMORTIZACION ACUMULADA DEL INM";"HABER";"0";"40,86"
"28/02/2015";"1";"281";"AMORTIZACION ACUMULADA DEL INM";"DEBE";"346,02";"0"
"28/02/2015";"1";"281";"AMORTIZACION ACUMULADA DEL INM";"HABER";"0";"533,18"
"28/02/2015";"1";"281";"AMORTIZACION ACUMULADA DEL INM";"DEBE";"569,58";"0"
"28/02/2015";"1";"281";"AMORTIZACION ACUMULADA DEL INM";"HABER";"0";"880,26"
"28/02/2015";"1";"281";"AMORTIZACION ACUMULADA DEL INM";"DEBE";"276,36";"0"
"28/02/2015";"1";"281";"AMORTIZACION ACUMULADA DEL INM";"HABER";"0";"486,38"
"28/02/2015";"1";"300";"MERCADERIAS A";"DEBE";"36358,54";"0"
"28/02/2015";"1";"300";"MERCADERIAS A";"HABER";"0";"34627,09"
"28/02/2015";"1";"300";"MERCADERIAS A";"DEBE";"13288,38";"0"
"28/02/2015";"1";"300";"MERCADERIAS A";"HABER";"0";"12822,77"
"28/02/2015";"1";"300";"MERCADERIAS A";"DEBE";"1786,88";"0"
"28/02/2015";"1";"300";"MERCADERIAS A";"HABER";"0";"1766,93"
"28/02/2015";"1";"400";"PROVEEDORES";"DEBE";"103,71";"0"
"28/02/2015";"1";"400";"PROVEEDORES";"HABER";"0";"103,71"
"28/02/2015";"1";"400";"PROVEEDORES";"DEBE";"379";"0"
"28/02/2015";"1";"400";"PROVEEDORES";"HABER";"0";"379"
"28/02/2015";"1";"400";"PROVEEDORES";"DEBE";"1098,93";"0"
"28/02/2015";"1";"400";"PROVEEDORES";"HABER";"0";"1098,93"
"28/02/2015";"1";"400";"PROVEEDORES";"DEBE";"11483,83";"0"
"28/02/2015";"1";"400";"PROVEEDORES";"HABER";"0";"11574,58"
"28/02/2015";"1";"400";"PROVEEDORES";"DEBE";"640";"0"
"28/02/2015";"1";"400";"PROVEEDORES";"HABER";"0";"640"
"28/02/2015";"1";"400";"PROVEEDORES";"DEBE";"720,73";"0"
"28/02/2015";"1";"400";"PROVEEDORES";"HABER";"0";"720,73"
"28/02/2015";"1";"400";"PROVEEDORES";"DEBE";"4804,6";"0"
"28/02/2015";"1";"400";"PROVEEDORES";"HABER";"0";"4804,6"
"28/02/2015";"1";"400";"PROVEEDORES";"DEBE";"411,56";"0"
"28/02/2015";"1";"400";"PROVEEDORES";"HABER";"0";"411,56"
"28/02/2015";"1";"400";"PROVEEDORES";"DEBE";"177,41";"0"
"28/02/2015";"1";"400";"PROVEEDORES";"HABER";"0";"177,41"
"28/02/2015";"1";"400";"PROVEEDORES";"DEBE";"450,11";"0"
"28/02/2015";"1";"400";"PROVEEDORES";"HABER";"0";"450,11"
"28/02/2015";"1";"400";"PROVEEDORES";"DEBE";"37857,81";"0"
"28/02/2015";"1";"400";"PROVEEDORES";"HABER";"0";"38709,73"
"28/02/2015";"1";"400";"PROVEEDORES";"DEBE";"213999,69";"0"
"28/02/2015";"1";"400";"PROVEEDORES";"HABER";"0";"216040,85"
"28/02/2015";"1";"400";"PROVEEDORES";"DEBE";"477,5";"0"
"28/02/2015";"1";"400";"PROVEEDORES";"HABER";"0";"477,5"
"28/02/2015";"1";"400";"PROVEEDORES";"DEBE";"1212,42";"0"
"28/02/2015";"1";"400";"PROVEEDORES";"HABER";"0";"1212,43"
"28/02/2015";"1";"400";"PROVEEDORES";"DEBE";"61,31";"0"
"28/02/2015";"1";"400";"PROVEEDORES";"HABER";"0";"61,31"
"28/02/2015";"1";"400";"PROVEEDORES";"DEBE";"2286,58";"0"
"28/02/2015";"1";"400";"PROVEEDORES";"HABER";"0";"2454,46"
"28/02/2015";"1";"400";"PROVEEDORES";"DEBE";"12,9";"0"
"28/02/2015";"1";"400";"PROVEEDORES";"HABER";"0";"12,9"
"28/02/2015";"1";"400";"PROVEEDORES";"DEBE";"337,68";"0"
"28/02/2015";"1";"400";"PROVEEDORES";"HABER";"0";"337,68"
"28/02/2015";"1";"400";"PROVEEDORES";"DEBE";"13855,76";"0"
"28/02/2015";"1";"400";"PROVEEDORES";"HABER";"0";"13855,76"
"28/02/2015";"1";"400";"PROVEEDORES";"DEBE";"11500,47";"0"
"28/02/2015";"1";"400";"PROVEEDORES";"HABER";"0";"11500,47"
"28/02/2015";"1";"400";"PROVEEDORES";"DEBE";"381,68";"0"
"28/02/2015";"1";"400";"PROVEEDORES";"HABER";"0";"381,68"
"28/02/2015";"1";"400";"PROVEEDORES";"DEBE";"9077,67";"0"
"28/02/2015";"1";"400";"PROVEEDORES";"HABER";"0";"9077,67"
"28/02/2015";"1";"400";"PROVEEDORES";"DEBE";"2958,05";"0"
"28/02/2015";"1";"400";"PROVEEDORES";"HABER";"0";"2958,05"
"28/02/2015";"1";"400";"PROVEEDORES";"DEBE";"802,4";"0"
"28/02/2015";"1";"400";"PROVEEDORES";"HABER";"0";"802,4"
"28/02/2015";"1";"400";"PROVEEDORES";"DEBE";"328,57";"0"
"28/02/2015";"1";"400";"PROVEEDORES";"HABER";"0";"328,57"
"28/02/2015";"1";"400";"PROVEEDORES";"DEBE";"458,2";"0"
"28/02/2015";"1";"400";"PROVEEDORES";"HABER";"0";"458,2"
"28/02/2015";"1";"400";"PROVEEDORES";"DEBE";"1003";"0"
"28/02/2015";"1";"400";"PROVEEDORES";"HABER";"0";"1003"
"28/02/2015";"1";"400";"PROVEEDORES";"DEBE";"4552,41";"0"
"28/02/2015";"1";"400";"PROVEEDORES";"HABER";"0";"4552,41"
"28/02/2015";"1";"400";"PROVEEDORES";"DEBE";"5595,68";"0"
"28/02/2015";"1";"400";"PROVEEDORES";"HABER";"0";"5595,68"
"28/02/2015";"1";"400";"PROVEEDORES";"DEBE";"9803,91";"0"
"28/02/2015";"1";"400";"PROVEEDORES";"HABER";"0";"9872,59"
"28/02/2015";"1";"400";"PROVEEDORES";"DEBE";"1274,72";"0"
"28/02/2015";"1";"400";"PROVEEDORES";"HABER";"0";"1274,72"
"28/02/2015";"1";"400";"PROVEEDORES";"DEBE";"56,65";"0"
"28/02/2015";"1";"400";"PROVEEDORES";"HABER";"0";"56,65"
"28/02/2015";"1";"400";"PROVEEDORES";"DEBE";"322,6";"0"
"28/02/2015";"1";"400";"PROVEEDORES";"HABER";"0";"322,6"
"28/02/2015";"1";"400";"PROVEEDORES";"DEBE";"3322,65";"0"
"28/02/2015";"1";"400";"PROVEEDORES";"HABER";"0";"3322,65"
"28/02/2015";"1";"400";"PROVEEDORES";"DEBE";"49450,18";"0"
"28/02/2015";"1";"400";"PROVEEDORES";"HABER";"0";"49450,18"
"28/02/2015";"1";"400";"PROVEEDORES";"DEBE";"264,6";"0"
"28/02/2015";"1";"400";"PROVEEDORES";"HABER";"0";"264,6"
"28/02/2015";"1";"400";"PROVEEDORES";"DEBE";"689,6";"0"
"28/02/2015";"1";"400";"PROVEEDORES";"HABER";"0";"689,6"
"28/02/2015";"1";"400";"PROVEEDORES";"DEBE";"588,3";"0"
"28/02/2015";"1";"400";"PROVEEDORES";"HABER";"0";"656,06"
"28/02/2015";"1";"400";"PROVEEDORES";"DEBE";"11166,95";"0"
"28/02/2015";"1";"400";"PROVEEDORES";"HABER";"0";"11166,95"
"28/02/2015";"1";"400";"PROVEEDORES";"DEBE";"1746,5";"0"
"28/02/2015";"1";"400";"PROVEEDORES";"HABER";"0";"1746,5"
"28/02/2015";"1";"400";"PROVEEDORES";"DEBE";"1077,19";"0"
"28/02/2015";"1";"400";"PROVEEDORES";"HABER";"0";"1077,19"
"28/02/2015";"1";"400";"PROVEEDORES";"DEBE";"40,73";"0"
"28/02/2015";"1";"400";"PROVEEDORES";"HABER";"0";"40,73"
"28/02/2015";"1";"400";"PROVEEDORES";"DEBE";"14,59";"0"
"28/02/2015";"1";"400";"PROVEEDORES";"HABER";"0";"14,59"
"28/02/2015";"1";"400";"PROVEEDORES";"DEBE";"582,16";"0"
"28/02/2015";"1";"400";"PROVEEDORES";"HABER";"0";"582,16"
"28/02/2015";"1";"400";"PROVEEDORES";"DEBE";"16433,55";"0"
"28/02/2015";"1";"400";"PROVEEDORES";"HABER";"0";"16433,55"
"28/02/2015";"1";"400";"PROVEEDORES";"DEBE";"140,34";"0"
"28/02/2015";"1";"400";"PROVEEDORES";"HABER";"0";"140,34"
"28/02/2015";"1";"400";"PROVEEDORES";"DEBE";"851,83";"0"
"28/02/2015";"1";"400";"PROVEEDORES";"HABER";"0";"851,83"
"28/02/2015";"1";"410";"ACREEDORES POR PRESTACIONES DE";"DEBE";"65252,23";"0"
"28/02/2015";"1";"410";"ACREEDORES POR PRESTACIONES DE";"HABER";"0";"65252,23"
"28/02/2015";"1";"410";"ACREEDORES POR PRESTACIONES DE";"DEBE";"4624,2";"0"
"28/02/2015";"1";"410";"ACREEDORES POR PRESTACIONES DE";"HABER";"0";"4624,2"
"28/02/2015";"1";"410";"ACREEDORES POR PRESTACIONES DE";"DEBE";"5611,43";"0"
"28/02/2015";"1";"410";"ACREEDORES POR PRESTACIONES DE";"HABER";"0";"5611,43"
"28/02/2015";"1";"410";"ACREEDORES POR PRESTACIONES DE";"DEBE";"17121,25";"0"
"28/02/2015";"1";"410";"ACREEDORES POR PRESTACIONES DE";"HABER";"0";"17121,25"
"28/02/2015";"1";"410";"ACREEDORES POR PRESTACIONES DE";"DEBE";"17699,18";"0"
"28/02/2015";"1";"410";"ACREEDORES POR PRESTACIONES DE";"HABER";"0";"17699,18"
"28/02/2015";"1";"410";"ACREEDORES POR PRESTACIONES DE";"DEBE";"195,24";"0"
"28/02/2015";"1";"410";"ACREEDORES POR PRESTACIONES DE";"HABER";"0";"195,24"
"28/02/2015";"1";"410";"ACREEDORES POR PRESTACIONES DE";"DEBE";"3232,63";"0"
"28/02/2015";"1";"410";"ACREEDORES POR PRESTACIONES DE";"HABER";"0";"3232,63"
"28/02/2015";"1";"410";"ACREEDORES POR PRESTACIONES DE";"DEBE";"4501,18";"0"
"28/02/2015";"1";"410";"ACREEDORES POR PRESTACIONES DE";"HABER";"0";"4501,18"
"28/02/2015";"1";"410";"ACREEDORES POR PRESTACIONES DE";"DEBE";"6894,65";"0"
"28/02/2015";"1";"410";"ACREEDORES POR PRESTACIONES DE";"HABER";"0";"6894,65"
"28/02/2015";"1";"410";"ACREEDORES POR PRESTACIONES DE";"DEBE";"689,54";"0"
"28/02/2015";"1";"410";"ACREEDORES POR PRESTACIONES DE";"HABER";"0";"689,54"
"28/02/2015";"1";"410";"ACREEDORES POR PRESTACIONES DE";"DEBE";"4053,79";"0"
"28/02/2015";"1";"410";"ACREEDORES POR PRESTACIONES DE";"HABER";"0";"4053,79"
"28/02/2015";"1";"410";"ACREEDORES POR PRESTACIONES DE";"DEBE";"2296,84";"0"
"28/02/2015";"1";"410";"ACREEDORES POR PRESTACIONES DE";"HABER";"0";"2296,84"
"28/02/2015";"1";"410";"ACREEDORES POR PRESTACIONES DE";"DEBE";"480,23";"0"
"28/02/2015";"1";"410";"ACREEDORES POR PRESTACIONES DE";"HABER";"0";"467,72"
"28/02/2015";"1";"410";"ACREEDORES POR PRESTACIONES DE";"DEBE";"386,04";"0"
"28/02/2015";"1";"410";"ACREEDORES POR PRESTACIONES DE";"HABER";"0";"386,04"
"28/02/2015";"1";"410";"ACREEDORES POR PRESTACIONES DE";"DEBE";"263,48";"0"
"28/02/2015";"1";"410";"ACREEDORES POR PRESTACIONES DE";"HABER";"0";"263,48"
"28/02/2015";"1";"410";"ACREEDORES POR PRESTACIONES DE";"DEBE";"3275,26";"0"
"28/02/2015";"1";"410";"ACREEDORES POR PRESTACIONES DE";"HABER";"0";"3275,26"
"28/02/2015";"1";"410";"ACREEDORES POR PRESTACIONES DE";"DEBE";"3884,27";"0"
"28/02/2015";"1";"410";"ACREEDORES POR PRESTACIONES DE";"HABER";"0";"3884,27"
"28/02/2015";"1";"410";"ACREEDORES POR PRESTACIONES DE";"DEBE";"237,2";"0"
"28/02/2015";"1";"410";"ACREEDORES POR PRESTACIONES DE";"HABER";"0";"237,2"
"28/02/2015";"1";"410";"ACREEDORES POR PRESTACIONES DE";"DEBE";"149,56";"0"
"28/02/2015";"1";"410";"ACREEDORES POR PRESTACIONES DE";"HABER";"0";"149,56"
"28/02/2015";"1";"410";"ACREEDORES POR PRESTACIONES DE";"DEBE";"1787,5";"0"
"28/02/2015";"1";"410";"ACREEDORES POR PRESTACIONES DE";"HABER";"0";"1736,8"
"28/02/2015";"1";"410";"ACREEDORES POR PRESTACIONES DE";"DEBE";"200";"0"
"28/02/2015";"1";"410";"ACREEDORES POR PRESTACIONES DE";"HABER";"0";"200"
"28/02/2015";"1";"410";"ACREEDORES POR PRESTACIONES DE";"DEBE";"26,89";"0"
"28/02/2015";"1";"410";"ACREEDORES POR PRESTACIONES DE";"HABER";"0";"26,89"
"28/02/2015";"1";"410";"ACREEDORES POR PRESTACIONES DE";"DEBE";"1240,6";"0"
"28/02/2015";"1";"410";"ACREEDORES POR PRESTACIONES DE";"HABER";"0";"1240,6"
"28/02/2015";"1";"410";"ACREEDORES POR PRESTACIONES DE";"DEBE";"3820,54";"0"
"28/02/2015";"1";"410";"ACREEDORES POR PRESTACIONES DE";"HABER";"0";"3820,54"
"28/02/2015";"1";"410";"ACREEDORES POR PRESTACIONES DE";"DEBE";"9,74";"0"
"28/02/2015";"1";"410";"ACREEDORES POR PRESTACIONES DE";"HABER";"0";"9,74"
"28/02/2015";"1";"410";"ACREEDORES POR PRESTACIONES DE";"DEBE";"4958,39";"0"
"28/02/2015";"1";"410";"ACREEDORES POR PRESTACIONES DE";"HABER";"0";"4958,39"
"28/02/2015";"1";"410";"ACREEDORES POR PRESTACIONES DE";"DEBE";"126,28";"0"
"28/02/2015";"1";"410";"ACREEDORES POR PRESTACIONES DE";"HABER";"0";"126,28"
"28/02/2015";"1";"410";"ACREEDORES POR PRESTACIONES DE";"DEBE";"585";"0"
"28/02/2015";"1";"410";"ACREEDORES POR PRESTACIONES DE";"HABER";"0";"585"
"28/02/2015";"1";"410";"ACREEDORES POR PRESTACIONES DE";"DEBE";"50121,95";"0"
"28/02/2015";"1";"410";"ACREEDORES POR PRESTACIONES DE";"HABER";"0";"50121,95"
"28/02/2015";"1";"410";"ACREEDORES POR PRESTACIONES DE";"DEBE";"2602,64";"0"
"28/02/2015";"1";"410";"ACREEDORES POR PRESTACIONES DE";"HABER";"0";"2602,64"
"28/02/2015";"1";"410";"ACREEDORES POR PRESTACIONES DE";"DEBE";"796,62";"0"
"28/02/2015";"1";"410";"ACREEDORES POR PRESTACIONES DE";"HABER";"0";"796,62"
"28/02/2015";"1";"410";"ACREEDORES POR PRESTACIONES DE";"DEBE";"3241,69";"0"
"28/02/2015";"1";"410";"ACREEDORES POR PRESTACIONES DE";"HABER";"0";"3241,69"
"28/02/2015";"1";"410";"ACREEDORES POR PRESTACIONES DE";"DEBE";"11,4";"0"
"28/02/2015";"1";"410";"ACREEDORES POR PRESTACIONES DE";"HABER";"0";"11,4"
"28/02/2015";"1";"410";"ACREEDORES POR PRESTACIONES DE";"DEBE";"412";"0"
"28/02/2015";"1";"410";"ACREEDORES POR PRESTACIONES DE";"HABER";"0";"412"
"28/02/2015";"1";"410";"ACREEDORES POR PRESTACIONES DE";"DEBE";"3198,61";"0"
"28/02/2015";"1";"410";"ACREEDORES POR PRESTACIONES DE";"HABER";"0";"3198,61"
"28/02/2015";"1";"410";"ACREEDORES POR PRESTACIONES DE";"DEBE";"1694,48";"0"
"28/02/2015";"1";"410";"ACREEDORES POR PRESTACIONES DE";"HABER";"0";"1694,48"
"28/02/2015";"1";"410";"ACREEDORES POR PRESTACIONES DE";"DEBE";"307,11";"0"
"28/02/2015";"1";"410";"ACREEDORES POR PRESTACIONES DE";"HABER";"0";"401,65"
"28/02/2015";"1";"410";"ACREEDORES POR PRESTACIONES DE";"DEBE";"446,28";"0"
"28/02/2015";"1";"410";"ACREEDORES POR PRESTACIONES DE";"HABER";"0";"446,28"
"28/02/2015";"1";"410";"ACREEDORES POR PRESTACIONES DE";"DEBE";"684,4";"0"
"28/02/2015";"1";"410";"ACREEDORES POR PRESTACIONES DE";"HABER";"0";"1228,9"
"28/02/2015";"1";"410";"ACREEDORES POR PRESTACIONES DE";"DEBE";"879,65";"0"
"28/02/2015";"1";"410";"ACREEDORES POR PRESTACIONES DE";"HABER";"0";"879,65"
"28/02/2015";"1";"410";"ACREEDORES POR PRESTACIONES DE";"DEBE";"42,48";"0"
"28/02/2015";"1";"410";"ACREEDORES POR PRESTACIONES DE";"HABER";"0";"42,48"
"28/02/2015";"1";"410";"ACREEDORES POR PRESTACIONES DE";"DEBE";"175,5";"0"
"28/02/2015";"1";"410";"ACREEDORES POR PRESTACIONES DE";"HABER";"0";"175,5"
"28/02/2015";"1";"410";"ACREEDORES POR PRESTACIONES DE";"DEBE";"140";"0"
"28/02/2015";"1";"410";"ACREEDORES POR PRESTACIONES DE";"HABER";"0";"140"
"28/02/2015";"1";"410";"ACREEDORES POR PRESTACIONES DE";"DEBE";"1815";"0"
"28/02/2015";"1";"410";"ACREEDORES POR PRESTACIONES DE";"HABER";"0";"2038,85"
"28/02/2015";"1";"410";"ACREEDORES POR PRESTACIONES DE";"DEBE";"5,78";"0"
"28/02/2015";"1";"410";"ACREEDORES POR PRESTACIONES DE";"HABER";"0";"5,78"
"28/02/2015";"1";"410";"ACREEDORES POR PRESTACIONES DE";"DEBE";"35,69";"0"
"28/02/2015";"1";"410";"ACREEDORES POR PRESTACIONES DE";"HABER";"0";"35,69"
"28/02/2015";"1";"410";"ACREEDORES POR PRESTACIONES DE";"DEBE";"72,48";"0"
"28/02/2015";"1";"410";"ACREEDORES POR PRESTACIONES DE";"HABER";"0";"72,48"
"28/02/2015";"1";"410";"ACREEDORES POR PRESTACIONES DE";"DEBE";"108,73";"0"
"28/02/2015";"1";"410";"ACREEDORES POR PRESTACIONES DE";"HABER";"0";"108,73"
"28/02/2015";"1";"410";"ACREEDORES POR PRESTACIONES DE";"DEBE";"544,5";"0"
"28/02/2015";"1";"410";"ACREEDORES POR PRESTACIONES DE";"HABER";"0";"544,5"
"28/02/2015";"1";"410";"ACREEDORES POR PRESTACIONES DE";"DEBE";"1492,7";"0"
"28/02/2015";"1";"410";"ACREEDORES POR PRESTACIONES DE";"HABER";"0";"1492,7"
"28/02/2015";"1";"410";"ACREEDORES POR PRESTACIONES DE";"DEBE";"14,16";"0"
"28/02/2015";"1";"410";"ACREEDORES POR PRESTACIONES DE";"HABER";"0";"14,16"
"28/02/2015";"1";"430";"CLIENTES";"DEBE";"66929,88";"0"
"28/02/2015";"1";"430";"CLIENTES";"HABER";"0";"65330,98"
"28/02/2015";"1";"430";"CLIENTES";"DEBE";"89857,56";"0"
"28/02/2015";"1";"430";"CLIENTES";"HABER";"0";"89027,02"
"28/02/2015";"1";"430";"CLIENTES";"DEBE";"23196,11";"0"
"28/02/2015";"1";"430";"CLIENTES";"HABER";"0";"23196,11"
"28/02/2015";"1";"430";"CLIENTES";"DEBE";"65771,58";"0"
"28/02/2015";"1";"430";"CLIENTES";"HABER";"0";"65541,68"
"28/02/2015";"1";"430";"CLIENTES";"DEBE";"6098,7";"0"
"28/02/2015";"1";"430";"CLIENTES";"HABER";"0";"6098,7"
"28/02/2015";"1";"430";"CLIENTES";"DEBE";"52300,52";"0"
"28/02/2015";"1";"430";"CLIENTES";"HABER";"0";"51859,84"
"28/02/2015";"1";"430";"CLIENTES";"DEBE";"48720,3";"0"
"28/02/2015";"1";"430";"CLIENTES";"HABER";"0";"48532,75"
"28/02/2015";"1";"430";"CLIENTES";"DEBE";"27055,4";"0"
"28/02/2015";"1";"430";"CLIENTES";"HABER";"0";"27055,4"
"28/02/2015";"1";"430";"CLIENTES";"DEBE";"28742,99";"0"
"28/02/2015";"1";"430";"CLIENTES";"HABER";"0";"27563,96"
"28/02/2015";"1";"430";"CLIENTES";"DEBE";"52656,59";"0"
"28/02/2015";"1";"430";"CLIENTES";"HABER";"0";"52469,04"
"28/02/2015";"1";"430";"CLIENTES";"DEBE";"26697,01";"0"
"28/02/2015";"1";"430";"CLIENTES";"HABER";"0";"26654,66"
"28/02/2015";"1";"430";"CLIENTES";"DEBE";"1009,63";"0"
"28/02/2015";"1";"430";"CLIENTES";"HABER";"0";"1009,63"
"28/02/2015";"1";"430";"CLIENTES";"DEBE";"6082,34";"0"
"28/02/2015";"1";"430";"CLIENTES";"HABER";"0";"6082,34"
"28/02/2015";"1";"430";"CLIENTES";"DEBE";"4401,64";"0"
"28/02/2015";"1";"430";"CLIENTES";"HABER";"0";"4401,64"
"28/02/2015";"1";"430";"CLIENTES";"DEBE";"1618,1";"0"
"28/02/2015";"1";"430";"CLIENTES";"HABER";"0";"1618,1"
"28/02/2015";"1";"430";"CLIENTES";"DEBE";"609,36";"0"
"28/02/2015";"1";"430";"CLIENTES";"HABER";"0";"609,36"
"28/02/2015";"1";"430";"CLIENTES";"DEBE";"9634,8";"0"
"28/02/2015";"1";"430";"CLIENTES";"HABER";"0";"9634,8"
"28/02/2015";"1";"430";"CLIENTES";"DEBE";"25381,23";"0"
"28/02/2015";"1";"430";"CLIENTES";"HABER";"0";"25189,57"
"28/02/2015";"1";"430";"CLIENTES";"DEBE";"30,42";"0"
"28/02/2015";"1";"430";"CLIENTES";"HABER";"0";"30,42"
"28/02/2015";"1";"430";"CLIENTES";"DEBE";"118,53";"0"
"28/02/2015";"1";"430";"CLIENTES";"HABER";"0";"118,53"
"28/02/2015";"1";"430";"CLIENTES";"DEBE";"273,76";"0"
"28/02/2015";"1";"430";"CLIENTES";"HABER";"0";"273,76"
"28/02/2015";"1";"430";"CLIENTES";"DEBE";"918,28";"0"
"28/02/2015";"1";"430";"CLIENTES";"HABER";"0";"918,28"
"28/02/2015";"1";"430";"CLIENTES";"DEBE";"89878,92";"0"
"28/02/2015";"1";"430";"CLIENTES";"HABER";"0";"89044,26"
"28/02/2015";"1";"430";"CLIENTES";"DEBE";"39788,19";"0"
"28/02/2015";"1";"430";"CLIENTES";"HABER";"0";"39459,31"
"28/02/2015";"1";"430";"CLIENTES";"DEBE";"17902,94";"0"
"28/02/2015";"1";"430";"CLIENTES";"HABER";"0";"14817,44"
"28/02/2015";"1";"430";"CLIENTES";"DEBE";"2053,46";"0"
"28/02/2015";"1";"430";"CLIENTES";"HABER";"0";"2053,46"
"28/02/2015";"1";"430";"CLIENTES";"DEBE";"117482,17";"0"
"28/02/2015";"1";"430";"CLIENTES";"HABER";"0";"116069,62"
"28/02/2015";"1";"430";"CLIENTES";"DEBE";"58820,12";"0"
"28/02/2015";"1";"430";"CLIENTES";"HABER";"0";"58561,91"
"28/02/2015";"1";"430";"CLIENTES";"DEBE";"649,6";"0"
"28/02/2015";"1";"430";"CLIENTES";"HABER";"0";"649,6"
"28/02/2015";"1";"430";"CLIENTES";"DEBE";"75798,95";"0"
"28/02/2015";"1";"430";"CLIENTES";"HABER";"0";"74972,76"
"28/02/2015";"1";"430";"CLIENTES";"DEBE";"4797,12";"0"
"28/02/2015";"1";"430";"CLIENTES";"HABER";"0";"4736,62"
"28/02/2015";"1";"430";"CLIENTES";"DEBE";"28835,2";"0"
"28/02/2015";"1";"430";"CLIENTES";"HABER";"0";"28714,2"
"28/02/2015";"1";"430";"CLIENTES";"DEBE";"9800,14";"0"
"28/02/2015";"1";"430";"CLIENTES";"HABER";"0";"9800,14"
"28/02/2015";"1";"430";"CLIENTES";"DEBE";"57539,37";"0"
"28/02/2015";"1";"430";"CLIENTES";"HABER";"0";"57351,82"
"28/02/2015";"1";"430";"CLIENTES";"DEBE";"217,55";"0"
"28/02/2015";"1";"430";"CLIENTES";"HABER";"0";"217,55"
"28/02/2015";"1";"430";"CLIENTES";"DEBE";"1740";"0"
"28/02/2015";"1";"430";"CLIENTES";"HABER";"0";"1740"
"28/02/2015";"1";"430";"CLIENTES";"DEBE";"39878,83";"0"
"28/02/2015";"1";"430";"CLIENTES";"HABER";"0";"39691,28"
"28/02/2015";"1";"430";"CLIENTES";"DEBE";"37295,7";"0"
"28/02/2015";"1";"430";"CLIENTES";"HABER";"0";"36860,82"
"28/02/2015";"1";"430";"CLIENTES";"DEBE";"4153,48";"0"
"28/02/2015";"1";"430";"CLIENTES";"HABER";"0";"4092,98"
"28/02/2015";"1";"430";"CLIENTES";"DEBE";"29025,14";"0"
"28/02/2015";"1";"430";"CLIENTES";"HABER";"0";"29025,14"
"28/02/2015";"1";"430";"CLIENTES";"DEBE";"10577,78";"0"
"28/02/2015";"1";"430";"CLIENTES";"HABER";"0";"10190,58"
"28/02/2015";"1";"430";"CLIENTES";"DEBE";"6736,62";"0"
"28/02/2015";"1";"430";"CLIENTES";"HABER";"0";"6736,62"
"28/02/2015";"1";"430";"CLIENTES";"DEBE";"25187,53";"0"
"28/02/2015";"1";"430";"CLIENTES";"HABER";"0";"25001,19"
"28/02/2015";"1";"430";"CLIENTES";"DEBE";"125153,29";"0"
"28/02/2015";"1";"430";"CLIENTES";"HABER";"0";"124717,45"
"28/02/2015";"1";"430";"CLIENTES";"DEBE";"70067,18";"0"
"28/02/2015";"1";"430";"CLIENTES";"HABER";"0";"69511,79"
"28/02/2015";"1";"430";"CLIENTES";"DEBE";"348";"0"
"28/02/2015";"1";"430";"CLIENTES";"HABER";"0";"348"
"28/02/2015";"1";"430";"CLIENTES";"DEBE";"1825,06";"0"
"28/02/2015";"1";"430";"CLIENTES";"HABER";"0";"1825,06"
"28/02/2015";"1";"430";"CLIENTES";"DEBE";"5175,72";"0"
"28/02/2015";"1";"430";"CLIENTES";"HABER";"0";"5060,77"
"28/02/2015";"1";"430";"CLIENTES";"DEBE";"3322,65";"0"
"28/02/2015";"1";"430";"CLIENTES";"HABER";"0";"3322,65"
"28/02/2015";"1";"430";"CLIENTES";"DEBE";"64,13";"0"
"28/02/2015";"1";"430";"CLIENTES";"HABER";"0";"64,13"
"28/02/2015";"1";"430";"CLIENTES";"DEBE";"23148,67";"0"
"28/02/2015";"1";"430";"CLIENTES";"HABER";"0";"23148,67"
"28/02/2015";"1";"430";"CLIENTES";"DEBE";"851,83";"0"
"28/02/2015";"1";"430";"CLIENTES";"HABER";"0";"851,83"
"28/02/2015";"1";"430";"CLIENTES";"DEBE";"363";"0"
"28/02/2015";"1";"430";"CLIENTES";"HABER";"0";"363"
"28/02/2015";"1";"430";"CLIENTES";"DEBE";"2215,5";"0"
"28/02/2015";"1";"430";"CLIENTES";"HABER";"0";"2215,5"
"28/02/2015";"1";"430";"CLIENTES";"DEBE";"13454,22";"0"
"28/02/2015";"1";"430";"CLIENTES";"HABER";"0";"13454,22"
"28/02/2015";"1";"430";"CLIENTES";"DEBE";"10013,68";"0"
"28/02/2015";"1";"430";"CLIENTES";"HABER";"0";"10013,68"
"28/02/2015";"1";"430";"CLIENTES";"DEBE";"8700";"0"
"28/02/2015";"1";"430";"CLIENTES";"HABER";"0";"8700"
"28/02/2015";"1";"430";"CLIENTES";"DEBE";"18462,39";"0"
"28/02/2015";"1";"430";"CLIENTES";"HABER";"0";"18462,39"
"28/02/2015";"1";"430";"CLIENTES";"DEBE";"3485,17";"0"
"28/02/2015";"1";"430";"CLIENTES";"HABER";"0";"3485,17"
"28/02/2015";"1";"430";"CLIENTES";"DEBE";"802,43";"0"
"28/02/2015";"1";"430";"CLIENTES";"HABER";"0";"802,43"
"28/02/2015";"1";"430";"CLIENTES";"DEBE";"604,35";"0"
"28/02/2015";"1";"430";"CLIENTES";"HABER";"0";"604,35"
"28/02/2015";"1";"430";"CLIENTES";"DEBE";"1252,8";"0"
"28/02/2015";"1";"430";"CLIENTES";"HABER";"0";"1252,8"
"28/02/2015";"1";"430";"CLIENTES";"DEBE";"1410,56";"0"
"28/02/2015";"1";"430";"CLIENTES";"HABER";"0";"1410,56"
"28/02/2015";"1";"430";"CLIENTES";"DEBE";"1983,25";"0"
"28/02/2015";"1";"430";"CLIENTES";"HABER";"0";"1983,25"
"28/02/2015";"1";"430";"CLIENTES";"DEBE";"5138,6";"0"
"28/02/2015";"1";"430";"CLIENTES";"HABER";"0";"5096,25"
"28/02/2015";"1";"430";"CLIENTES";"DEBE";"11421,02";"0"
"28/02/2015";"1";"430";"CLIENTES";"HABER";"0";"11281,87"
"28/02/2015";"1";"430";"CLIENTES";"DEBE";"1271,36";"0"
"28/02/2015";"1";"430";"CLIENTES";"HABER";"0";"1271,36"
"28/02/2015";"1";"430";"CLIENTES";"DEBE";"5307,11";"0"
"28/02/2015";"1";"430";"CLIENTES";"HABER";"0";"5307,11"
"28/02/2015";"1";"430";"CLIENTES";"DEBE";"6425,44";"0"
"28/02/2015";"1";"430";"CLIENTES";"HABER";"0";"6425,44"
"28/02/2015";"1";"430";"CLIENTES";"DEBE";"2672,6";"0"
"28/02/2015";"1";"430";"CLIENTES";"HABER";"0";"2672,6"
"28/02/2015";"1";"430";"CLIENTES";"DEBE";"8049";"0"
"28/02/2015";"1";"430";"CLIENTES";"HABER";"0";"8049"
"28/02/2015";"1";"430";"CLIENTES";"DEBE";"79236,11";"0"
"28/02/2015";"1";"430";"CLIENTES";"HABER";"0";"78490,26"
"28/02/2015";"1";"430";"CLIENTES";"DEBE";"1343,23";"0"
"28/02/2015";"1";"430";"CLIENTES";"HABER";"0";"1343,23"
"28/02/2015";"1";"430";"CLIENTES";"DEBE";"2701,69";"0"
"28/02/2015";"1";"430";"CLIENTES";"HABER";"0";"2701,69"
"28/02/2015";"1";"430";"CLIENTES";"DEBE";"8850,78";"0"
"28/02/2015";"1";"430";"CLIENTES";"HABER";"0";"8741,88"
"28/02/2015";"1";"430";"CLIENTES";"DEBE";"2765,58";"0"
"28/02/2015";"1";"430";"CLIENTES";"HABER";"0";"2765,58"
"28/02/2015";"1";"430";"CLIENTES";"DEBE";"12891,25";"0"
"28/02/2015";"1";"430";"CLIENTES";"HABER";"0";"12891,25"
"28/02/2015";"1";"430";"CLIENTES";"DEBE";"1232";"0"
"28/02/2015";"1";"430";"CLIENTES";"HABER";"0";"1232"
"28/02/2015";"1";"430";"CLIENTES";"DEBE";"4942";"0"
"28/02/2015";"1";"430";"CLIENTES";"HABER";"0";"4942"
"28/02/2015";"1";"430";"CLIENTES";"DEBE";"1153,2";"0"
"28/02/2015";"1";"430";"CLIENTES";"HABER";"0";"1153,2"
"28/02/2015";"1";"430";"CLIENTES";"DEBE";"748,2";"0"
"28/02/2015";"1";"430";"CLIENTES";"HABER";"0";"748,2"
"28/02/2015";"1";"430";"CLIENTES";"DEBE";"3698,11";"0"
"28/02/2015";"1";"430";"CLIENTES";"HABER";"0";"3698,11"
"28/02/2015";"1";"430";"CLIENTES";"DEBE";"2915,96";"0"
"28/02/2015";"1";"430";"CLIENTES";"HABER";"0";"2915,96"
"28/02/2015";"1";"430";"CLIENTES";"DEBE";"3339,73";"0"
"28/02/2015";"1";"430";"CLIENTES";"HABER";"0";"3339,73"
"28/02/2015";"1";"430";"CLIENTES";"DEBE";"11451,84";"0"
"28/02/2015";"1";"430";"CLIENTES";"HABER";"0";"11391,34"
"28/02/2015";"1";"430";"CLIENTES";"DEBE";"2488,2";"0"
"28/02/2015";"1";"430";"CLIENTES";"HABER";"0";"2488,2"
"28/02/2015";"1";"430";"CLIENTES";"DEBE";"932,8";"0"
"28/02/2015";"1";"430";"CLIENTES";"HABER";"0";"932,8"
"28/02/2015";"1";"430";"CLIENTES";"DEBE";"6969,81";"0"
"28/02/2015";"1";"430";"CLIENTES";"HABER";"0";"6969,81"
"28/02/2015";"1";"430";"CLIENTES";"DEBE";"22657,08";"0"
"28/02/2015";"1";"430";"CLIENTES";"HABER";"0";"22657,08"
"28/02/2015";"1";"430";"CLIENTES";"DEBE";"671,32";"0"
"28/02/2015";"1";"430";"CLIENTES";"HABER";"0";"671,32"
"28/02/2015";"1";"430";"CLIENTES";"DEBE";"2898,06";"0"
"28/02/2015";"1";"430";"CLIENTES";"HABER";"0";"2898,06"
"28/02/2015";"1";"430";"CLIENTES";"DEBE";"141,6";"0"
"28/02/2015";"1";"430";"CLIENTES";"HABER";"0";"141,6"
"28/02/2015";"1";"430";"CLIENTES";"DEBE";"513,54";"0"
"28/02/2015";"1";"430";"CLIENTES";"HABER";"0";"513,54"
"28/02/2015";"1";"430";"CLIENTES";"DEBE";"6331,9";"0"
"28/02/2015";"1";"430";"CLIENTES";"HABER";"0";"6331,9"
"28/02/2015";"1";"430";"CLIENTES";"DEBE";"545,16";"0"
"28/02/2015";"1";"430";"CLIENTES";"HABER";"0";"545,16"
"28/02/2015";"1";"430";"CLIENTES";"DEBE";"9078,57";"0"
"28/02/2015";"1";"430";"CLIENTES";"HABER";"0";"8987,82"
"28/02/2015";"1";"430";"CLIENTES";"DEBE";"4416,21";"0"
"28/02/2015";"1";"430";"CLIENTES";"HABER";"0";"4295,21"
"28/02/2015";"1";"430";"CLIENTES";"DEBE";"15972,42";"0"
"28/02/2015";"1";"430";"CLIENTES";"HABER";"0";"15827,22"
"28/02/2015";"1";"430";"CLIENTES";"DEBE";"8775,48";"0"
"28/02/2015";"1";"430";"CLIENTES";"HABER";"0";"8596,4"
"28/02/2015";"1";"430";"CLIENTES";"DEBE";"893,86";"0"
"28/02/2015";"1";"430";"CLIENTES";"HABER";"0";"893,86"
"28/02/2015";"1";"430";"CLIENTES";"DEBE";"12668,75";"0"
"28/02/2015";"1";"430";"CLIENTES";"HABER";"0";"12668,75"
"28/02/2015";"1";"430";"CLIENTES";"DEBE";"17672,27";"0"
"28/02/2015";"1";"430";"CLIENTES";"HABER";"0";"17672,27"
"28/02/2015";"1";"430";"CLIENTES";"DEBE";"696,2";"0"
"28/02/2015";"1";"430";"CLIENTES";"HABER";"0";"696,2"
"28/02/2015";"1";"430";"CLIENTES";"DEBE";"21877,25";"0"
"28/02/2015";"1";"430";"CLIENTES";"HABER";"0";"21698,17"
"28/02/2015";"1";"430";"CLIENTES";"DEBE";"7312,13";"0"
"28/02/2015";"1";"430";"CLIENTES";"HABER";"0";"7287,93"
"28/02/2015";"1";"430";"CLIENTES";"DEBE";"8873,6";"0"
"28/02/2015";"1";"430";"CLIENTES";"HABER";"0";"8873,6"
"28/02/2015";"1";"430";"CLIENTES";"DEBE";"32721,46";"0"
"28/02/2015";"1";"430";"CLIENTES";"HABER";"0";"32499,55"
"28/02/2015";"1";"430";"CLIENTES";"DEBE";"659,45";"0"
"28/02/2015";"1";"430";"CLIENTES";"HABER";"0";"659,45"
"28/02/2015";"1";"430";"CLIENTES";"DEBE";"671,55";"0"
"28/02/2015";"1";"430";"CLIENTES";"HABER";"0";"653,4"
"28/02/2015";"1";"430";"CLIENTES";"DEBE";"847";"0"
"28/02/2015";"1";"430";"CLIENTES";"HABER";"0";"847"
"28/02/2015";"1";"430";"CLIENTES";"DEBE";"10419,78";"0"
"28/02/2015";"1";"430";"CLIENTES";"HABER";"0";"10251,35"
"28/02/2015";"1";"430";"CLIENTES";"DEBE";"792,55";"0"
"28/02/2015";"1";"430";"CLIENTES";"HABER";"0";"792,55"
"28/02/2015";"1";"430";"CLIENTES";"DEBE";"326,7";"0"
"28/02/2015";"1";"430";"CLIENTES";"HABER";"0";"326,7"
"28/02/2015";"1";"430";"CLIENTES";"DEBE";"5196,95";"0"
"28/02/2015";"1";"430";"CLIENTES";"HABER";"0";"5130,4"
"28/02/2015";"1";"430";"CLIENTES";"DEBE";"15376,11";"0"
"28/02/2015";"1";"430";"CLIENTES";"HABER";"0";"15195,58"
"28/02/2015";"1";"430";"CLIENTES";"DEBE";"496,1";"0"
"28/02/2015";"1";"430";"CLIENTES";"HABER";"0";"496,1"
"28/02/2015";"1";"430";"CLIENTES";"DEBE";"262,57";"0"
"28/02/2015";"1";"430";"CLIENTES";"HABER";"0";"262,57"
"28/02/2015";"1";"430";"CLIENTES";"DEBE";"544,5";"0"
"28/02/2015";"1";"430";"CLIENTES";"HABER";"0";"544,5"
"28/02/2015";"1";"430";"CLIENTES";"DEBE";"868,78";"0"
"28/02/2015";"1";"430";"CLIENTES";"HABER";"0";"868,78"
"28/02/2015";"1";"430";"CLIENTES";"DEBE";"695,75";"0"
"28/02/2015";"1";"430";"CLIENTES";"HABER";"0";"695,75"
"28/02/2015";"1";"430";"CLIENTES";"DEBE";"1501,89";"0"
"28/02/2015";"1";"430";"CLIENTES";"HABER";"0";"1501,89"
"28/02/2015";"1";"430";"CLIENTES";"DEBE";"1168,26";"0"
"28/02/2015";"1";"430";"CLIENTES";"HABER";"0";"1168,26"
"28/02/2015";"1";"430";"CLIENTES";"DEBE";"5580,15";"0"
"28/02/2015";"1";"430";"CLIENTES";"HABER";"0";"5477,3"
"28/02/2015";"1";"430";"CLIENTES";"DEBE";"13474,56";"0"
"28/02/2015";"1";"430";"CLIENTES";"HABER";"0";"12930,06"
"28/02/2015";"1";"430";"CLIENTES";"DEBE";"5171,29";"0"
"28/02/2015";"1";"430";"CLIENTES";"HABER";"0";"4848,47"
"28/02/2015";"1";"430";"CLIENTES";"DEBE";"4917,44";"0"
"28/02/2015";"1";"430";"CLIENTES";"HABER";"0";"4687,54"
"28/02/2015";"1";"430";"CLIENTES";"DEBE";"11741";"0"
"28/02/2015";"1";"430";"CLIENTES";"HABER";"0";"11443,34"
"28/02/2015";"1";"430";"CLIENTES";"DEBE";"3345,91";"0"
"28/02/2015";"1";"430";"CLIENTES";"HABER";"0";"3239,91"
"28/02/2015";"1";"430";"CLIENTES";"DEBE";"700,59";"0"
"28/02/2015";"1";"430";"CLIENTES";"HABER";"0";"700,59"
"28/02/2015";"1";"430";"CLIENTES";"DEBE";"2127,18";"0"
"28/02/2015";"1";"430";"CLIENTES";"HABER";"0";"2127,18"
"28/02/2015";"1";"430";"CLIENTES";"DEBE";"899,03";"0"
"28/02/2015";"1";"430";"CLIENTES";"HABER";"0";"899,03"
"28/02/2015";"1";"430";"CLIENTES";"DEBE";"913,55";"0"
"28/02/2015";"1";"430";"CLIENTES";"HABER";"0";"913,55"
"28/02/2015";"1";"430";"CLIENTES";"DEBE";"784,81";"0"
"28/02/2015";"1";"430";"CLIENTES";"HABER";"0";"784,81"
"28/02/2015";"1";"430";"CLIENTES";"DEBE";"1776,28";"0"
"28/02/2015";"1";"430";"CLIENTES";"HABER";"0";"1776,28"
"28/02/2015";"1";"430";"CLIENTES";"DEBE";"93,17";"0"
"28/02/2015";"1";"430";"CLIENTES";"HABER";"0";"93,17"
"28/02/2015";"1";"430";"CLIENTES";"DEBE";"9885,7";"0"
"28/02/2015";"1";"430";"CLIENTES";"HABER";"0";"6189,15"
"28/02/2015";"1";"430";"CLIENTES";"DEBE";"1240,37";"0"
"28/02/2015";"1";"430";"CLIENTES";"HABER";"0";"1240,37"
"28/02/2015";"1";"430";"CLIENTES";"DEBE";"15404,02";"0"
"28/02/2015";"1";"430";"CLIENTES";"HABER";"0";"15404,02"
"28/02/2015";"1";"433";"CLIENTES, EMPRESAS DEL GRUPO";"DEBE";"411099,55";"0"
"28/02/2015";"1";"433";"CLIENTES, EMPRESAS DEL GRUPO";"HABER";"0";"411099,55"
"28/02/2015";"1";"436";"CLIENTES DE DUDOSO COBRO";"DEBE";"436,16";"0"
"28/02/2015";"1";"436";"CLIENTES DE DUDOSO COBRO";"HABER";"0";"436,16"
"28/02/2015";"1";"436";"CLIENTES DE DUDOSO COBRO";"DEBE";"282,51";"0"
"28/02/2015";"1";"436";"CLIENTES DE DUDOSO COBRO";"HABER";"0";"188,34"
"28/02/2015";"1";"436";"CLIENTES DE DUDOSO COBRO";"DEBE";"1231,92";"0"
"28/02/2015";"1";"436";"CLIENTES DE DUDOSO COBRO";"HABER";"0";"821,28"
"28/02/2015";"1";"436";"CLIENTES DE DUDOSO COBRO";"DEBE";"546,18";"0"
"28/02/2015";"1";"436";"CLIENTES DE DUDOSO COBRO";"HABER";"0";"273,09"
"28/02/2015";"1";"465";"REMUNERACIONES PENDIENTES DE P";"DEBE";"286,2";"0"
"28/02/2015";"1";"465";"REMUNERACIONES PENDIENTES DE P";"HABER";"0";"286,2"
"28/02/2015";"1";"465";"REMUNERACIONES PENDIENTES DE P";"DEBE";"150741,15";"0"
"28/02/2015";"1";"465";"REMUNERACIONES PENDIENTES DE P";"HABER";"0";"152782,71"
"28/02/2015";"1";"465";"REMUNERACIONES PENDIENTES DE P";"DEBE";"21424,47";"0"
"28/02/2015";"1";"465";"REMUNERACIONES PENDIENTES DE P";"HABER";"0";"21424,47"
"28/02/2015";"1";"465";"REMUNERACIONES PENDIENTES DE P";"DEBE";"150861,12";"0"
"28/02/2015";"1";"465";"REMUNERACIONES PENDIENTES DE P";"HABER";"0";"152860,01"
"28/02/2015";"1";"465";"REMUNERACIONES PENDIENTES DE P";"DEBE";"147667,6";"0"
"28/02/2015";"1";"465";"REMUNERACIONES PENDIENTES DE P";"HABER";"0";"149666,42"
"28/02/2015";"1";"465";"REMUNERACIONES PENDIENTES DE P";"DEBE";"26256,54";"0"
"28/02/2015";"1";"465";"REMUNERACIONES PENDIENTES DE P";"HABER";"0";"26256,54"
"28/02/2015";"1";"465";"REMUNERACIONES PENDIENTES DE P";"DEBE";"108614,55";"0"
"28/02/2015";"1";"465";"REMUNERACIONES PENDIENTES DE P";"HABER";"0";"109752,16"
"28/02/2015";"1";"465";"REMUNERACIONES PENDIENTES DE P";"DEBE";"105935,76";"0"
"28/02/2015";"1";"465";"REMUNERACIONES PENDIENTES DE P";"HABER";"0";"106954,86"
"28/02/2015";"1";"465";"REMUNERACIONES PENDIENTES DE P";"DEBE";"125478,46";"0"
"28/02/2015";"1";"465";"REMUNERACIONES PENDIENTES DE P";"HABER";"0";"126986,36"
"28/02/2015";"1";"465";"REMUNERACIONES PENDIENTES DE P";"DEBE";"7846,06";"0"
"28/02/2015";"1";"465";"REMUNERACIONES PENDIENTES DE P";"HABER";"0";"7846,06"
"28/02/2015";"1";"465";"REMUNERACIONES PENDIENTES DE P";"DEBE";"6253,94";"0"
"28/02/2015";"1";"465";"REMUNERACIONES PENDIENTES DE P";"HABER";"0";"6253,94"
"28/02/2015";"1";"465";"REMUNERACIONES PENDIENTES DE P";"DEBE";"32280,24";"0"
"28/02/2015";"1";"465";"REMUNERACIONES PENDIENTES DE P";"HABER";"0";"32280,24"
"28/02/2015";"1";"465";"REMUNERACIONES PENDIENTES DE P";"DEBE";"6814,53";"0"
"28/02/2015";"1";"465";"REMUNERACIONES PENDIENTES DE P";"HABER";"0";"6814,53"
"28/02/2015";"1";"465";"REMUNERACIONES PENDIENTES DE P";"DEBE";"49322,04";"0"
"28/02/2015";"1";"465";"REMUNERACIONES PENDIENTES DE P";"HABER";"0";"49753,34"
"28/02/2015";"1";"465";"REMUNERACIONES PENDIENTES DE P";"DEBE";"37209,13";"0"
"28/02/2015";"1";"465";"REMUNERACIONES PENDIENTES DE P";"HABER";"0";"37209,13"
"28/02/2015";"1";"465";"REMUNERACIONES PENDIENTES DE P";"DEBE";"9823,72";"0"
"28/02/2015";"1";"465";"REMUNERACIONES PENDIENTES DE P";"HABER";"0";"9823,72"
"28/02/2015";"1";"465";"REMUNERACIONES PENDIENTES DE P";"DEBE";"218,36";"0"
"28/02/2015";"1";"465";"REMUNERACIONES PENDIENTES DE P";"HABER";"0";"213,28"
"28/02/2015";"1";"465";"REMUNERACIONES PENDIENTES DE P";"DEBE";"45,98";"0"
"28/02/2015";"1";"465";"REMUNERACIONES PENDIENTES DE P";"HABER";"0";"45,98"
"28/02/2015";"1";"465";"REMUNERACIONES PENDIENTES DE P";"DEBE";"1349,68";"0"
"28/02/2015";"1";"465";"REMUNERACIONES PENDIENTES DE P";"HABER";"0";"1349,68"
"28/02/2015";"1";"470";"HACIENDA PUBLICA,  DEUDORA DIV";"DEBE";"9696,47";"0"
"28/02/2015";"1";"470";"HACIENDA PUBLICA,  DEUDORA DIV";"HABER";"0";"9696,36"
"28/02/2015";"1";"472";"HACIENDA PUBLICA, IVA SOPORTAD";"DEBE";"32409,13";"0"
"28/02/2015";"1";"472";"HACIENDA PUBLICA, IVA SOPORTAD";"HABER";"0";"32409,13"
"28/02/2015";"1";"472";"HACIENDA PUBLICA, IVA SOPORTAD";"DEBE";"1,03";"0"
"28/02/2015";"1";"472";"HACIENDA PUBLICA, IVA SOPORTAD";"HABER";"0";"1,03"
"28/02/2015";"1";"472";"HACIENDA PUBLICA, IVA SOPORTAD";"DEBE";"96,39";"0"
"28/02/2015";"1";"472";"HACIENDA PUBLICA, IVA SOPORTAD";"HABER";"0";"96,39"
"28/02/2015";"1";"472";"HACIENDA PUBLICA, IVA SOPORTAD";"DEBE";"210,29";"0"
"28/02/2015";"1";"472";"HACIENDA PUBLICA, IVA SOPORTAD";"HABER";"0";"210,29"
"28/02/2015";"1";"472";"HACIENDA PUBLICA, IVA SOPORTAD";"DEBE";"25,6";"0"
"28/02/2015";"1";"472";"HACIENDA PUBLICA, IVA SOPORTAD";"HABER";"0";"25,6"
"28/02/2015";"1";"472";"HACIENDA PUBLICA, IVA SOPORTAD";"DEBE";"28,64";"0"
"28/02/2015";"1";"472";"HACIENDA PUBLICA, IVA SOPORTAD";"HABER";"0";"28,64"
"28/02/2015";"1";"472";"HACIENDA PUBLICA, IVA SOPORTAD";"DEBE";"198,81";"0"
"28/02/2015";"1";"472";"HACIENDA PUBLICA, IVA SOPORTAD";"HABER";"0";"198,81"
"28/02/2015";"1";"472";"HACIENDA PUBLICA, IVA SOPORTAD";"DEBE";"26966,31";"0"
"28/02/2015";"1";"472";"HACIENDA PUBLICA, IVA SOPORTAD";"HABER";"0";"26966,31"
"28/02/2015";"1";"472";"HACIENDA PUBLICA, IVA SOPORTAD";"DEBE";"542,15";"0"
"28/02/2015";"1";"472";"HACIENDA PUBLICA, IVA SOPORTAD";"HABER";"0";"542,15"
"28/02/2015";"1";"472";"HACIENDA PUBLICA, IVA SOPORTAD";"DEBE";"46,87";"0"
"28/02/2015";"1";"472";"HACIENDA PUBLICA, IVA SOPORTAD";"HABER";"0";"46,87"
"28/02/2015";"1";"472";"HACIENDA PUBLICA, IVA SOPORTAD";"DEBE";"68,22";"0"
"28/02/2015";"1";"472";"HACIENDA PUBLICA, IVA SOPORTAD";"HABER";"0";"68,22"
"28/02/2015";"1";"472";"HACIENDA PUBLICA, IVA SOPORTAD";"DEBE";"31506,47";"0"
"28/02/2015";"1";"472";"HACIENDA PUBLICA, IVA SOPORTAD";"HABER";"0";"29343,45"
"28/02/2015";"1";"472";"HACIENDA PUBLICA, IVA SOPORTAD";"DEBE";"107,32";"0"
"28/02/2015";"1";"472";"HACIENDA PUBLICA, IVA SOPORTAD";"HABER";"0";"107,32"
"28/02/2015";"1";"472";"HACIENDA PUBLICA, IVA SOPORTAD";"DEBE";"129,44";"0"
"28/02/2015";"1";"472";"HACIENDA PUBLICA, IVA SOPORTAD";"HABER";"0";"129,44"
"28/02/2015";"1";"472";"HACIENDA PUBLICA, IVA SOPORTAD";"DEBE";"40,05";"0"
"28/02/2015";"1";"472";"HACIENDA PUBLICA, IVA SOPORTAD";"HABER";"0";"38,79"
"28/02/2015";"1";"473";"HACIENDA PUBLICA, RETENCIONES";"DEBE";"17,49";"0"
"28/02/2015";"1";"473";"HACIENDA PUBLICA, RETENCIONES";"HABER";"0";"17,48"
"28/02/2015";"1";"473";"HACIENDA PUBLICA, RETENCIONES";"DEBE";"8343,69";"0"
"28/02/2015";"1";"473";"HACIENDA PUBLICA, RETENCIONES";"HABER";"0";"8343,69"
"28/02/2015";"1";"474";"ACTIVOS POR IMPUESTO DIFERIDO";"DEBE";"39161,68";"0"
"28/02/2015";"1";"474";"ACTIVOS POR IMPUESTO DIFERIDO";"HABER";"0";"29371,26"
"28/02/2015";"1";"474";"ACTIVOS POR IMPUESTO DIFERIDO";"DEBE";"2537,85";"0"
"28/02/2015";"1";"474";"ACTIVOS POR IMPUESTO DIFERIDO";"HABER";"0";"1691,9"
"28/02/2015";"1";"474";"ACTIVOS POR IMPUESTO DIFERIDO";"DEBE";"2245,8";"0"
"28/02/2015";"1";"474";"ACTIVOS POR IMPUESTO DIFERIDO";"HABER";"0";"1122,9"
"28/02/2015";"1";"475";"HACIENDA PUBLICA, ACREEDORA PO";"DEBE";"319365,05";"0"
"28/02/2015";"1";"475";"HACIENDA PUBLICA, ACREEDORA PO";"HABER";"0";"319365,05"
"28/02/2015";"1";"475";"HACIENDA PUBLICA, ACREEDORA PO";"DEBE";"142743,55";"0"
"28/02/2015";"1";"475";"HACIENDA PUBLICA, ACREEDORA PO";"HABER";"0";"144725,55"
"28/02/2015";"1";"475";"HACIENDA PUBLICA, ACREEDORA PO";"HABER";"0";"140"
"28/02/2015";"1";"475";"HACIENDA PUBLICA, ACREEDORA PO";"DEBE";"24002,97";"0"
"28/02/2015";"1";"475";"HACIENDA PUBLICA, ACREEDORA PO";"HABER";"0";"24002,97"
"28/02/2015";"1";"476";"ORGANISMOS DE LA SEGURIDAD SOC";"DEBE";"164530,75";"0"
"28/02/2015";"1";"476";"ORGANISMOS DE LA SEGURIDAD SOC";"HABER";"0";"165897,97"
"28/02/2015";"1";"476";"ORGANISMOS DE LA SEGURIDAD SOC";"DEBE";"122613,76";"0"
"28/02/2015";"1";"476";"ORGANISMOS DE LA SEGURIDAD SOC";"HABER";"0";"122613,76"
"28/02/2015";"1";"477";"HACIENDA PUBLICA, IVA REPERCUT";"DEBE";"128091,5";"0"
"28/02/2015";"1";"477";"HACIENDA PUBLICA, IVA REPERCUT";"HABER";"0";"128091,5"
"28/02/2015";"1";"477";"HACIENDA PUBLICA, IVA REPERCUT";"DEBE";"25,6";"0"
"28/02/2015";"1";"477";"HACIENDA PUBLICA, IVA REPERCUT";"HABER";"0";"25,6"
"28/02/2015";"1";"477";"HACIENDA PUBLICA, IVA REPERCUT";"DEBE";"198,81";"0"
"28/02/2015";"1";"477";"HACIENDA PUBLICA, IVA REPERCUT";"HABER";"0";"198,81"
"28/02/2015";"1";"477";"HACIENDA PUBLICA, IVA REPERCUT";"DEBE";"102377,55";"0"
"28/02/2015";"1";"477";"HACIENDA PUBLICA, IVA REPERCUT";"HABER";"0";"102377,55"
"28/02/2015";"1";"477";"HACIENDA PUBLICA, IVA REPERCUT";"DEBE";"46,87";"0"
"28/02/2015";"1";"477";"HACIENDA PUBLICA, IVA REPERCUT";"HABER";"0";"46,87"
"28/02/2015";"1";"477";"HACIENDA PUBLICA, IVA REPERCUT";"DEBE";"68,22";"0"
"28/02/2015";"1";"477";"HACIENDA PUBLICA, IVA REPERCUT";"HABER";"0";"68,22"
"28/02/2015";"1";"477";"HACIENDA PUBLICA, IVA REPERCUT";"DEBE";"98913,38";"0"
"28/02/2015";"1";"477";"HACIENDA PUBLICA, IVA REPERCUT";"HABER";"0";"106365,68"
"28/02/2015";"1";"477";"HACIENDA PUBLICA, IVA REPERCUT";"DEBE";"132,42";"0"
"28/02/2015";"1";"477";"HACIENDA PUBLICA, IVA REPERCUT";"HABER";"0";"132,42"
"28/02/2015";"1";"480";"GASTOS ANTICIPADOS";"DEBE";"1067,64";"0"
"28/02/2015";"1";"480";"GASTOS ANTICIPADOS";"HABER";"0";"1067,64"
"28/02/2015";"1";"490";"DETERIORO DEL VALOR DE CREDITO";"DEBE";"1009,62";"0"
"28/02/2015";"1";"490";"DETERIORO DEL VALOR DE CREDITO";"HABER";"0";"1514,43"
"28/02/2015";"1";"490";"DETERIORO DEL VALOR DE CREDITO";"DEBE";"273,09";"0"
"28/02/2015";"1";"490";"DETERIORO DEL VALOR DE CREDITO";"HABER";"0";"546,18"
"28/02/2015";"1";"521";"DEUDAS A CORTO PLAZO";"DEBE";"9240";"0"
"28/02/2015";"1";"521";"DEUDAS A CORTO PLAZO";"HABER";"0";"9240"
"28/02/2015";"1";"523";"PROVEEDORES DE INMOVILIZADO A";"DEBE";"3794,63";"0"
"28/02/2015";"1";"523";"PROVEEDORES DE INMOVILIZADO A";"HABER";"0";"3794,63"
"28/02/2015";"1";"523";"PROVEEDORES DE INMOVILIZADO A";"DEBE";"1322,2";"0"
"28/02/2015";"1";"523";"PROVEEDORES DE INMOVILIZADO A";"HABER";"0";"1322,2"
"28/02/2015";"1";"526";"DIVIDENDO ACTIVO A PAGAR";"DEBE";"450,44";"0"
"28/02/2015";"1";"526";"DIVIDENDO ACTIVO A PAGAR";"HABER";"0";"450,44"
"28/02/2015";"1";"555";"PARTIDAS PENDIENTES APLICACION";"DEBE";"424,04";"0"
"28/02/2015";"1";"555";"PARTIDAS PENDIENTES APLICACION";"HABER";"0";"424,04"
"28/02/2015";"1";"557";"DIVIDENDO ACTIVO EN CUENTA";"DEBE";"10500";"0"
"28/02/2015";"1";"557";"DIVIDENDO ACTIVO EN CUENTA";"HABER";"0";"10500"
"28/02/2015";"1";"570";"CAJA, EUROS";"DEBE";"28378,92";"0"
"28/02/2015";"1";"570";"CAJA, EUROS";"HABER";"0";"22808,7"
"28/02/2015";"1";"572";"BANCOS E INSTITUICIONES DE CRE";"DEBE";"2235393";"0"
"28/02/2015";"1";"572";"BANCOS E INSTITUICIONES DE CRE";"HABER";"0";"2232946,88"
"28/02/2015";"1";"572";"BANCOS E INSTITUICIONES DE CRE";"DEBE";"146529,08";"0"
"28/02/2015";"1";"572";"BANCOS E INSTITUICIONES DE CRE";"HABER";"0";"146529,08"
"28/02/2015";"1";"572";"BANCOS E INSTITUICIONES DE CRE";"DEBE";"237624,52";"0"
"28/02/2015";"1";"572";"BANCOS E INSTITUICIONES DE CRE";"HABER";"0";"232754,08"
"28/02/2015";"1";"600";"COMPRAS DE MERCADERIAS";"DEBE";"225133,91";"0"
"28/02/2015";"1";"600";"COMPRAS DE MERCADERIAS";"HABER";"0";"221679,94"
"28/02/2015";"1";"600";"COMPRAS DE MERCADERIAS";"DEBE";"32983,28";"0"
"28/02/2015";"1";"600";"COMPRAS DE MERCADERIAS";"HABER";"0";"32498,88"
"28/02/2015";"1";"600";"COMPRAS DE MERCADERIAS";"DEBE";"43107,89";"0"
"28/02/2015";"1";"600";"COMPRAS DE MERCADERIAS";"HABER";"0";"41734,21"
"28/02/2015";"1";"600";"COMPRAS DE MERCADERIAS";"DEBE";"270";"0"
"28/02/2015";"1";"600";"COMPRAS DE MERCADERIAS";"HABER";"0";"270"
"28/02/2015";"1";"602";"COMPRAS DE OTROS APROVISIONAMI";"DEBE";"3290,44";"0"
"28/02/2015";"1";"602";"COMPRAS DE OTROS APROVISIONAMI";"HABER";"0";"3124,45"
"28/02/2015";"1";"602";"COMPRAS DE OTROS APROVISIONAMI";"DEBE";"3932,23";"0"
"28/02/2015";"1";"602";"COMPRAS DE OTROS APROVISIONAMI";"HABER";"0";"3752,32"
"28/02/2015";"1";"607";"TRABAJOS REALIZADOS POR OTRAS";"DEBE";"277,32";"0"
"28/02/2015";"1";"607";"TRABAJOS REALIZADOS POR OTRAS";"HABER";"0";"277,32"
"28/02/2015";"1";"607";"TRABAJOS REALIZADOS POR OTRAS";"DEBE";"8676,02";"0"
"28/02/2015";"1";"607";"TRABAJOS REALIZADOS POR OTRAS";"HABER";"0";"8526,02"
"28/02/2015";"1";"607";"TRABAJOS REALIZADOS POR OTRAS";"DEBE";"680";"0"
"28/02/2015";"1";"607";"TRABAJOS REALIZADOS POR OTRAS";"HABER";"0";"680"
"28/02/2015";"1";"607";"TRABAJOS REALIZADOS POR OTRAS";"DEBE";"386,73";"0"
"28/02/2015";"1";"607";"TRABAJOS REALIZADOS POR OTRAS";"HABER";"0";"386,73"
"28/02/2015";"1";"607";"TRABAJOS REALIZADOS POR OTRAS";"DEBE";"2773,56";"0"
"28/02/2015";"1";"607";"TRABAJOS REALIZADOS POR OTRAS";"HABER";"0";"2653,58"
"28/02/2015";"1";"607";"TRABAJOS REALIZADOS POR OTRAS";"DEBE";"551";"0"
"28/02/2015";"1";"607";"TRABAJOS REALIZADOS POR OTRAS";"HABER";"0";"495"
"28/02/2015";"1";"607";"TRABAJOS REALIZADOS POR OTRAS";"DEBE";"3311,66";"0"
"28/02/2015";"1";"607";"TRABAJOS REALIZADOS POR OTRAS";"HABER";"0";"3055,06"
"28/02/2015";"1";"607";"TRABAJOS REALIZADOS POR OTRAS";"DEBE";"4175,33";"0"
"28/02/2015";"1";"607";"TRABAJOS REALIZADOS POR OTRAS";"HABER";"0";"4016,33"
"28/02/2015";"1";"607";"TRABAJOS REALIZADOS POR OTRAS";"DEBE";"350";"0"
"28/02/2015";"1";"607";"TRABAJOS REALIZADOS POR OTRAS";"HABER";"0";"350"
"28/02/2015";"1";"607";"TRABAJOS REALIZADOS POR OTRAS";"DEBE";"917,77";"0"
"28/02/2015";"1";"607";"TRABAJOS REALIZADOS POR OTRAS";"HABER";"0";"865,98"
"28/02/2015";"1";"608";"DEVOLUCIONES DE COMPRAS Y OPER";"DEBE";"2702,04";"0"
"28/02/2015";"1";"608";"DEVOLUCIONES DE COMPRAS Y OPER";"HABER";"0";"2702,04"
"28/02/2015";"1";"608";"DEVOLUCIONES DE COMPRAS Y OPER";"DEBE";"416,04";"0"
"28/02/2015";"1";"608";"DEVOLUCIONES DE COMPRAS Y OPER";"HABER";"0";"416,04"
"28/02/2015";"1";"608";"DEVOLUCIONES DE COMPRAS Y OPER";"DEBE";"884,55";"0"
"28/02/2015";"1";"608";"DEVOLUCIONES DE COMPRAS Y OPER";"HABER";"0";"884,55"
"28/02/2015";"1";"610";"VARIACION DE EXISTENCIAS DE ME";"DEBE";"19613,96";"0"
"28/02/2015";"1";"610";"VARIACION DE EXISTENCIAS DE ME";"HABER";"0";"19613,96"
"28/02/2015";"1";"610";"VARIACION DE EXISTENCIAS DE ME";"DEBE";"6971,11";"0"
"28/02/2015";"1";"610";"VARIACION DE EXISTENCIAS DE ME";"HABER";"0";"6971,11"
"28/02/2015";"1";"610";"VARIACION DE EXISTENCIAS DE ME";"DEBE";"1203,1";"0"
"28/02/2015";"1";"610";"VARIACION DE EXISTENCIAS DE ME";"HABER";"0";"1203,1"
"28/02/2015";"1";"621";"ARRENDAMIENTOS Y CANONES";"DEBE";"97512,67";"0"
"28/02/2015";"1";"621";"ARRENDAMIENTOS Y CANONES";"HABER";"0";"95812,67"
"28/02/2015";"1";"622";"REPARACIONES Y CONSERVACION";"DEBE";"339,1";"0"
"28/02/2015";"1";"622";"REPARACIONES Y CONSERVACION";"HABER";"0";"260,97"
"28/02/2015";"1";"622";"REPARACIONES Y CONSERVACION";"DEBE";"239,86";"0"
"28/02/2015";"1";"622";"REPARACIONES Y CONSERVACION";"HABER";"0";"239,86"
"28/02/2015";"1";"623";"SERVICIOS DE PROFESIONALES IND";"DEBE";"14002,42";"0"
"28/02/2015";"1";"623";"SERVICIOS DE PROFESIONALES IND";"HABER";"0";"13771,72"
"28/02/2015";"1";"623";"SERVICIOS DE PROFESIONALES IND";"DEBE";"3661,97";"0"
"28/02/2015";"1";"623";"SERVICIOS DE PROFESIONALES IND";"HABER";"0";"3271,8"
"28/02/2015";"1";"623";"SERVICIOS DE PROFESIONALES IND";"DEBE";"2214,78";"0"
"28/02/2015";"1";"623";"SERVICIOS DE PROFESIONALES IND";"HABER";"0";"2214,78"
"28/02/2015";"1";"623";"SERVICIOS DE PROFESIONALES IND";"DEBE";"4802,14";"0"
"28/02/2015";"1";"623";"SERVICIOS DE PROFESIONALES IND";"HABER";"0";"4802,14"
"28/02/2015";"1";"623";"SERVICIOS DE PROFESIONALES IND";"DEBE";"1027,67";"0"
"28/02/2015";"1";"623";"SERVICIOS DE PROFESIONALES IND";"HABER";"0";"1027,67"
"28/02/2015";"1";"623";"SERVICIOS DE PROFESIONALES IND";"DEBE";"200";"0"
"28/02/2015";"1";"623";"SERVICIOS DE PROFESIONALES IND";"HABER";"0";"200"
"28/02/2015";"1";"623";"SERVICIOS DE PROFESIONALES IND";"DEBE";"164,08";"0"
"28/02/2015";"1";"623";"SERVICIOS DE PROFESIONALES IND";"HABER";"0";"164,08"
"28/02/2015";"1";"623";"SERVICIOS DE PROFESIONALES IND";"DEBE";"9,46";"0"
"28/02/2015";"1";"623";"SERVICIOS DE PROFESIONALES IND";"HABER";"0";"9,46"
"28/02/2015";"1";"623";"SERVICIOS DE PROFESIONALES IND";"DEBE";"690";"0"
"28/02/2015";"1";"623";"SERVICIOS DE PROFESIONALES IND";"HABER";"0";"690"
"28/02/2015";"1";"623";"SERVICIOS DE PROFESIONALES IND";"DEBE";"893,77";"0"
"28/02/2015";"1";"623";"SERVICIOS DE PROFESIONALES IND";"HABER";"0";"893,77"
"28/02/2015";"1";"624";"TRANSPORTES";"DEBE";"507,22";"0"
"28/02/2015";"1";"624";"TRANSPORTES";"HABER";"0";"507,22"
"28/02/2015";"1";"624";"TRANSPORTES";"DEBE";"2153,57";"0"
"28/02/2015";"1";"624";"TRANSPORTES";"HABER";"0";"2153,57"
"28/02/2015";"1";"624";"TRANSPORTES";"DEBE";"365,69";"0"
"28/02/2015";"1";"624";"TRANSPORTES";"HABER";"0";"365,69"
"28/02/2015";"1";"625";"PRIMAS DE SEGUROS";"DEBE";"2457,23";"0"
"28/02/2015";"1";"625";"PRIMAS DE SEGUROS";"HABER";"0";"2457,23"
"28/02/2015";"1";"625";"PRIMAS DE SEGUROS";"DEBE";"612,66";"0"
"28/02/2015";"1";"625";"PRIMAS DE SEGUROS";"HABER";"0";"476,46"
"28/02/2015";"1";"626";"SERVICIOS BANCARIOS Y SIMILARE";"DEBE";"6281,78";"0"
"28/02/2015";"1";"626";"SERVICIOS BANCARIOS Y SIMILARE";"HABER";"0";"6280,78"
"28/02/2015";"1";"626";"SERVICIOS BANCARIOS Y SIMILARE";"DEBE";"525,94";"0"
"28/02/2015";"1";"626";"SERVICIOS BANCARIOS Y SIMILARE";"HABER";"0";"454,54"
"28/02/2015";"1";"627";"PUBLICIDAD, PROPAGANDA Y RELAC";"DEBE";"2284,38";"0"
"28/02/2015";"1";"627";"PUBLICIDAD, PROPAGANDA Y RELAC";"HABER";"0";"2284,38"
"28/02/2015";"1";"628";"SUMINISTROS";"DEBE";"1839,33";"0"
"28/02/2015";"1";"628";"SUMINISTROS";"HABER";"0";"1796,3"
"28/02/2015";"1";"628";"SUMINISTROS";"DEBE";"13778,75";"0"
"28/02/2015";"1";"628";"SUMINISTROS";"HABER";"0";"13676,14"
"28/02/2015";"1";"629";"OTROS SERVICIOS";"DEBE";"206,04";"0"
"28/02/2015";"1";"629";"OTROS SERVICIOS";"HABER";"0";"206,04"
"28/02/2015";"1";"629";"OTROS SERVICIOS";"DEBE";"10624,92";"0"
"28/02/2015";"1";"629";"OTROS SERVICIOS";"HABER";"0";"10469,92"
"28/02/2015";"1";"629";"OTROS SERVICIOS";"DEBE";"50502,94";"0"
"28/02/2015";"1";"629";"OTROS SERVICIOS";"HABER";"0";"50502,94"
"28/02/2015";"1";"629";"OTROS SERVICIOS";"DEBE";"789,1";"0"
"28/02/2015";"1";"629";"OTROS SERVICIOS";"HABER";"0";"789,1"
"28/02/2015";"1";"629";"OTROS SERVICIOS";"DEBE";"64107,48";"0"
"28/02/2015";"1";"629";"OTROS SERVICIOS";"HABER";"0";"63676,18"
"28/02/2015";"1";"629";"OTROS SERVICIOS";"DEBE";"709,64";"0"
"28/02/2015";"1";"629";"OTROS SERVICIOS";"HABER";"0";"703,33"
"28/02/2015";"1";"629";"OTROS SERVICIOS";"DEBE";"128,58";"0"
"28/02/2015";"1";"629";"OTROS SERVICIOS";"HABER";"0";"128,58"
"28/02/2015";"1";"629";"OTROS SERVICIOS";"DEBE";"31";"0"
"28/02/2015";"1";"629";"OTROS SERVICIOS";"HABER";"0";"31"
"28/02/2015";"1";"629";"OTROS SERVICIOS";"DEBE";"1476,61";"0"
"28/02/2015";"1";"629";"OTROS SERVICIOS";"HABER";"0";"1433,63"
"28/02/2015";"1";"629";"OTROS SERVICIOS";"DEBE";"5562,84";"0"
"28/02/2015";"1";"629";"OTROS SERVICIOS";"HABER";"0";"5562,84"
"28/02/2015";"1";"629";"OTROS SERVICIOS";"DEBE";"105,55";"0"
"28/02/2015";"1";"629";"OTROS SERVICIOS";"HABER";"0";"105,55"
"28/02/2015";"1";"629";"OTROS SERVICIOS";"DEBE";"4099,4";"0"
"28/02/2015";"1";"629";"OTROS SERVICIOS";"HABER";"0";"3908,06"
"28/02/2015";"1";"629";"OTROS SERVICIOS";"DEBE";"632,17";"0"
"28/02/2015";"1";"629";"OTROS SERVICIOS";"HABER";"0";"632,17"
"28/02/2015";"1";"629";"OTROS SERVICIOS";"DEBE";"4201,53";"0"
"28/02/2015";"1";"629";"OTROS SERVICIOS";"HABER";"0";"4201,53"
"28/02/2015";"1";"629";"OTROS SERVICIOS";"DEBE";"1280";"0"
"28/02/2015";"1";"629";"OTROS SERVICIOS";"HABER";"0";"1280"
"28/02/2015";"1";"629";"OTROS SERVICIOS";"DEBE";"29,18";"0"
"28/02/2015";"1";"629";"OTROS SERVICIOS";"HABER";"0";"29,18"
"28/02/2015";"1";"629";"OTROS SERVICIOS";"DEBE";"2257";"0"
"28/02/2015";"1";"629";"OTROS SERVICIOS";"HABER";"0";"2165"
"28/02/2015";"1";"629";"OTROS SERVICIOS";"DEBE";"6344,28";"0"
"28/02/2015";"1";"629";"OTROS SERVICIOS";"HABER";"0";"5108,86"
"28/02/2015";"1";"629";"OTROS SERVICIOS";"DEBE";"1970,87";"0"
"28/02/2015";"1";"629";"OTROS SERVICIOS";"HABER";"0";"1970,87"
"28/02/2015";"1";"630";"IMPUESTOS SOBRE BENEFICIOS";"DEBE";"15271,94";"0"
"28/02/2015";"1";"630";"IMPUESTOS SOBRE BENEFICIOS";"HABER";"0";"15271,94"
"28/02/2015";"1";"630";"IMPUESTOS SOBRE BENEFICIOS";"DEBE";"9790,42";"0"
"28/02/2015";"1";"630";"IMPUESTOS SOBRE BENEFICIOS";"HABER";"0";"9790,42"
"28/02/2015";"1";"631";"OTROS TRIBUTOS";"DEBE";"123,32";"0"
"28/02/2015";"1";"631";"OTROS TRIBUTOS";"HABER";"0";"123,32"
"28/02/2015";"1";"631";"OTROS TRIBUTOS";"DEBE";"24,69";"0"
"28/02/2015";"1";"631";"OTROS TRIBUTOS";"HABER";"0";"24,69"
"28/02/2015";"1";"633";"AJUSTES NEGATIVOS EN LA IMPOSI";"DEBE";"992,69";"0"
"28/02/2015";"1";"633";"AJUSTES NEGATIVOS EN LA IMPOSI";"HABER";"0";"992,69"
"28/02/2015";"1";"638";"AJUSTES POSITIVOS EN LA IMPOSI";"DEBE";"992,7";"0"
"28/02/2015";"1";"638";"AJUSTES POSITIVOS EN LA IMPOSI";"HABER";"0";"992,7"
"28/02/2015";"1";"640";"SUELDOS Y SALARIOS";"DEBE";"175157,81";"0"
"28/02/2015";"1";"640";"SUELDOS Y SALARIOS";"HABER";"0";"171192,83"
"28/02/2015";"1";"640";"SUELDOS Y SALARIOS";"DEBE";"24430,98";"0"
"28/02/2015";"1";"640";"SUELDOS Y SALARIOS";"HABER";"0";"24430,98"
"28/02/2015";"1";"640";"SUELDOS Y SALARIOS";"DEBE";"175157,81";"0"
"28/02/2015";"1";"640";"SUELDOS Y SALARIOS";"HABER";"0";"171192,83"
"28/02/2015";"1";"640";"SUELDOS Y SALARIOS";"DEBE";"175246,48";"0"
"28/02/2015";"1";"640";"SUELDOS Y SALARIOS";"HABER";"0";"171281,5"
"28/02/2015";"1";"640";"SUELDOS Y SALARIOS";"DEBE";"28792,45";"0"
"28/02/2015";"1";"640";"SUELDOS Y SALARIOS";"HABER";"0";"28792,45"
"28/02/2015";"1";"640";"SUELDOS Y SALARIOS";"DEBE";"126602,64";"0"
"28/02/2015";"1";"640";"SUELDOS Y SALARIOS";"HABER";"0";"124428,62"
"28/02/2015";"1";"640";"SUELDOS Y SALARIOS";"DEBE";"122058,98";"0"
"28/02/2015";"1";"640";"SUELDOS Y SALARIOS";"HABER";"0";"120136,98"
"28/02/2015";"1";"640";"SUELDOS Y SALARIOS";"DEBE";"147501,22";"0"
"28/02/2015";"1";"640";"SUELDOS Y SALARIOS";"HABER";"0";"144277,18"
"28/02/2015";"1";"640";"SUELDOS Y SALARIOS";"DEBE";"8563,92";"0"
"28/02/2015";"1";"640";"SUELDOS Y SALARIOS";"HABER";"0";"8563,92"
"28/02/2015";"1";"640";"SUELDOS Y SALARIOS";"DEBE";"6684,91";"0"
"28/02/2015";"1";"640";"SUELDOS Y SALARIOS";"HABER";"0";"6684,91"
"28/02/2015";"1";"642";"SEGURIDAD SOCIAL A CARGO DE LA";"DEBE";"127698,29";"0"
"28/02/2015";"1";"642";"SEGURIDAD SOCIAL A CARGO DE LA";"HABER";"0";"125429,99"
"28/02/2015";"1";"642";"SEGURIDAD SOCIAL A CARGO DE LA";"DEBE";"91427,76";"0"
"28/02/2015";"1";"642";"SEGURIDAD SOCIAL A CARGO DE LA";"HABER";"0";"91427,76"
"28/02/2015";"1";"649";"OTROS GASTOS SOCIALES";"DEBE";"1608,62";"0"
"28/02/2015";"1";"649";"OTROS GASTOS SOCIALES";"HABER";"0";"1567,22"
"28/02/2015";"1";"649";"OTROS GASTOS SOCIALES";"DEBE";"200";"0"
"28/02/2015";"1";"649";"OTROS GASTOS SOCIALES";"HABER";"0";"200"
"28/02/2015";"1";"659";"OTRAS PERDIDAS EN GESTION CORR";"DEBE";"436,16";"0"
"28/02/2015";"1";"659";"OTRAS PERDIDAS EN GESTION CORR";"HABER";"0";"436,16"
"28/02/2015";"1";"665";"INTERESES DESCUENTO DE EFECTOS";"DEBE";"48,1";"0"
"28/02/2015";"1";"665";"INTERESES DESCUENTO DE EFECTOS";"HABER";"0";"48,1"
"28/02/2015";"1";"669";"OTROS GASTOS FINANCIEROS";"DEBE";"451,83";"0"
"28/02/2015";"1";"669";"OTROS GASTOS FINANCIEROS";"HABER";"0";"445,59"
"28/02/2015";"1";"671";"PERDIDAS PROCEDENTES DE INMOVI";"DEBE";"143,9";"0"
"28/02/2015";"1";"671";"PERDIDAS PROCEDENTES DE INMOVI";"HABER";"0";"143,9"
"28/02/2015";"1";"678";"GASTOS EXCEPCIONALES";"DEBE";"434,86";"0"
"28/02/2015";"1";"678";"GASTOS EXCEPCIONALES";"HABER";"0";"434,86"
"28/02/2015";"1";"678";"GASTOS EXCEPCIONALES";"DEBE";"173,24";"0"
"28/02/2015";"1";"678";"GASTOS EXCEPCIONALES";"HABER";"0";"173,24"
"28/02/2015";"1";"681";"AMORTIZACION DEL INMOVILIZADO";"DEBE";"3928,52";"0"
"28/02/2015";"1";"681";"AMORTIZACION DEL INMOVILIZADO";"HABER";"0";"3928,52"
"28/02/2015";"1";"681";"AMORTIZACION DEL INMOVILIZADO";"DEBE";"48,53";"0"
"28/02/2015";"1";"681";"AMORTIZACION DEL INMOVILIZADO";"HABER";"0";"48,53"
"28/02/2015";"1";"681";"AMORTIZACION DEL INMOVILIZADO";"DEBE";"221,92";"0"
"28/02/2015";"1";"681";"AMORTIZACION DEL INMOVILIZADO";"HABER";"0";"221,92"
"28/02/2015";"1";"681";"AMORTIZACION DEL INMOVILIZADO";"DEBE";"168,59";"0"
"28/02/2015";"1";"681";"AMORTIZACION DEL INMOVILIZADO";"HABER";"0";"160,95"
"28/02/2015";"1";"681";"AMORTIZACION DEL INMOVILIZADO";"DEBE";"155,23";"0"
"28/02/2015";"1";"681";"AMORTIZACION DEL INMOVILIZADO";"HABER";"0";"148,01"
"28/02/2015";"1";"681";"AMORTIZACION DEL INMOVILIZADO";"DEBE";"79,33";"0"
"28/02/2015";"1";"681";"AMORTIZACION DEL INMOVILIZADO";"HABER";"0";"75,51"
"28/02/2015";"1";"681";"AMORTIZACION DEL INMOVILIZADO";"DEBE";"28,84";"0"
"28/02/2015";"1";"681";"AMORTIZACION DEL INMOVILIZADO";"HABER";"0";"28,84"
"28/02/2015";"1";"681";"AMORTIZACION DEL INMOVILIZADO";"DEBE";"46,4";"0"
"28/02/2015";"1";"681";"AMORTIZACION DEL INMOVILIZADO";"HABER";"0";"46,4"
"28/02/2015";"1";"681";"AMORTIZACION DEL INMOVILIZADO";"DEBE";"473";"0"
"28/02/2015";"1";"681";"AMORTIZACION DEL INMOVILIZADO";"HABER";"0";"473"
"28/02/2015";"1";"681";"AMORTIZACION DEL INMOVILIZADO";"DEBE";"406,78";"0"
"28/02/2015";"1";"681";"AMORTIZACION DEL INMOVILIZADO";"HABER";"0";"406,78"
"28/02/2015";"1";"681";"AMORTIZACION DEL INMOVILIZADO";"DEBE";"170,95";"0"
"28/02/2015";"1";"681";"AMORTIZACION DEL INMOVILIZADO";"HABER";"0";"170,95"
"28/02/2015";"1";"681";"AMORTIZACION DEL INMOVILIZADO";"DEBE";"103,56";"0"
"28/02/2015";"1";"681";"AMORTIZACION DEL INMOVILIZADO";"HABER";"0";"103,56"
"28/02/2015";"1";"681";"AMORTIZACION DEL INMOVILIZADO";"DEBE";"116,67";"0"
"28/02/2015";"1";"681";"AMORTIZACION DEL INMOVILIZADO";"HABER";"0";"116,67"
"28/02/2015";"1";"681";"AMORTIZACION DEL INMOVILIZADO";"DEBE";"120,31";"0"
"28/02/2015";"1";"681";"AMORTIZACION DEL INMOVILIZADO";"HABER";"0";"120,31"
"28/02/2015";"1";"681";"AMORTIZACION DEL INMOVILIZADO";"DEBE";"346,46";"0"
"28/02/2015";"1";"681";"AMORTIZACION DEL INMOVILIZADO";"HABER";"0";"331,44"
"28/02/2015";"1";"681";"AMORTIZACION DEL INMOVILIZADO";"DEBE";"39,82";"0"
"28/02/2015";"1";"681";"AMORTIZACION DEL INMOVILIZADO";"HABER";"0";"39,82"
"28/02/2015";"1";"681";"AMORTIZACION DEL INMOVILIZADO";"DEBE";"26,1";"0"
"28/02/2015";"1";"681";"AMORTIZACION DEL INMOVILIZADO";"HABER";"0";"26,1"
"28/02/2015";"1";"681";"AMORTIZACION DEL INMOVILIZADO";"DEBE";"187,16";"0"
"28/02/2015";"1";"681";"AMORTIZACION DEL INMOVILIZADO";"HABER";"0";"176,9"
"28/02/2015";"1";"681";"AMORTIZACION DEL INMOVILIZADO";"DEBE";"310,68";"0"
"28/02/2015";"1";"681";"AMORTIZACION DEL INMOVILIZADO";"HABER";"0";"293,42"
"28/02/2015";"1";"681";"AMORTIZACION DEL INMOVILIZADO";"DEBE";"210,02";"0"
"28/02/2015";"1";"681";"AMORTIZACION DEL INMOVILIZADO";"HABER";"0";"192,06"
"28/02/2015";"1";"694";"PERDIDAS POR DETERIORO DE CRED";"DEBE";"777,9";"0"
"28/02/2015";"1";"694";"PERDIDAS POR DETERIORO DE CRED";"HABER";"0";"777,9"
"28/02/2015";"1";"700";"VENTAS DE MERCADERIAS";"DEBE";"271017,32";"0"
"28/02/2015";"1";"700";"VENTAS DE MERCADERIAS";"HABER";"0";"275466,5"
"28/02/2015";"1";"700";"VENTAS DE MERCADERIAS";"DEBE";"41238,05";"0"
"28/02/2015";"1";"700";"VENTAS DE MERCADERIAS";"HABER";"0";"41982,71"
"28/02/2015";"1";"700";"VENTAS DE MERCADERIAS";"DEBE";"45648,15";"0"
"28/02/2015";"1";"700";"VENTAS DE MERCADERIAS";"HABER";"0";"47668,15"
"28/02/2015";"1";"700";"VENTAS DE MERCADERIAS";"DEBE";"114";"0"
"28/02/2015";"1";"700";"VENTAS DE MERCADERIAS";"HABER";"0";"132"
"28/02/2015";"1";"705";"PRESTACIONES DE SERVICIOS";"DEBE";"734778,19";"0"
"28/02/2015";"1";"705";"PRESTACIONES DE SERVICIOS";"HABER";"0";"750892,79"
"28/02/2015";"1";"705";"PRESTACIONES DE SERVICIOS";"DEBE";"336656,57";"0"
"28/02/2015";"1";"705";"PRESTACIONES DE SERVICIOS";"HABER";"0";"346278,57"
"28/02/2015";"1";"705";"PRESTACIONES DE SERVICIOS";"DEBE";"304518,36";"0"
"28/02/2015";"1";"705";"PRESTACIONES DE SERVICIOS";"HABER";"0";"304548,36"
"28/02/2015";"1";"705";"PRESTACIONES DE SERVICIOS";"DEBE";"30969,9";"0"
"28/02/2015";"1";"705";"PRESTACIONES DE SERVICIOS";"HABER";"0";"31505,7"
"28/02/2015";"1";"705";"PRESTACIONES DE SERVICIOS";"DEBE";"29250";"0"
"28/02/2015";"1";"705";"PRESTACIONES DE SERVICIOS";"HABER";"0";"29360"
"28/02/2015";"1";"705";"PRESTACIONES DE SERVICIOS";"DEBE";"12530";"0"
"28/02/2015";"1";"705";"PRESTACIONES DE SERVICIOS";"HABER";"0";"13020"
"28/02/2015";"1";"705";"PRESTACIONES DE SERVICIOS";"DEBE";"740";"0"
"28/02/2015";"1";"705";"PRESTACIONES DE SERVICIOS";"HABER";"0";"890"
"28/02/2015";"1";"705";"PRESTACIONES DE SERVICIOS";"DEBE";"10620";"0"
"28/02/2015";"1";"705";"PRESTACIONES DE SERVICIOS";"HABER";"0";"11050"
"28/02/2015";"1";"705";"PRESTACIONES DE SERVICIOS";"DEBE";"5250";"0"
"28/02/2015";"1";"705";"PRESTACIONES DE SERVICIOS";"HABER";"0";"5558"
"28/02/2015";"1";"705";"PRESTACIONES DE SERVICIOS";"DEBE";"10017,5";"0"
"28/02/2015";"1";"705";"PRESTACIONES DE SERVICIOS";"HABER";"0";"10562,5"
"28/02/2015";"1";"708";"DEVOLUCIONES DE VENTAS Y OPERA";"DEBE";"16996,29";"0"
"28/02/2015";"1";"708";"DEVOLUCIONES DE VENTAS Y OPERA";"HABER";"0";"16916,29"
"28/02/2015";"1";"755";"INGRESOS POR SERVICIOS AL PERS";"DEBE";"3141,3";"0"
"28/02/2015";"1";"755";"INGRESOS POR SERVICIOS AL PERS";"HABER";"0";"3182,7"
"28/02/2015";"1";"759";"INGRESOS POR SERVICIOS DIVERSO";"DEBE";"568,55";"0"
"28/02/2015";"1";"759";"INGRESOS POR SERVICIOS DIVERSO";"HABER";"0";"568,55"
"28/02/2015";"1";"766";"BENEFICIOS EN PARTICIPACIONES";"DEBE";"59,52";"0"
"28/02/2015";"1";"766";"BENEFICIOS EN PARTICIPACIONES";"HABER";"0";"59,52"
"28/02/2015";"1";"769";"OTROS INGRESOS FINANCIEROS";"DEBE";"160,42";"0"
"28/02/2015";"1";"769";"OTROS INGRESOS FINANCIEROS";"HABER";"0";"160,46"
"28/02/2015";"1";"769";"OTROS INGRESOS FINANCIEROS";"DEBE";"23,86";"0"
"28/02/2015";"1";"769";"OTROS INGRESOS FINANCIEROS";"HABER";"0";"23,86"
"28/02/2015";"1";"771";"BENEFICIOS PROCEDENTES DEL INM";"DEBE";"854,4";"0"
"28/02/2015";"1";"771";"BENEFICIOS PROCEDENTES DEL INM";"HABER";"0";"854,4"
"28/02/2015";"1";"778";"INGRESOS EXCEPCIONALES";"DEBE";"6010,54";"0"
"28/02/2015";"1";"778";"INGRESOS EXCEPCIONALES";"HABER";"0";"6010,54"
